harness visionary e-services;Iran;994;15;11
innovate next-generation bandwidth;Malawi;1137;22;5
facilitate scalable mindshare;Sri Lanka;1028;29;7
seize end-to-end vortals;Belize;1398;22;9
matrix compelling mindshare;Malawi;815;17;19
monetize visionary bandwidth;Sudan;1128;26;10
empower bricks-and-clicks infrastructures;Nigeria;846;16;19
disintermediate impactful relationships;Uzbekistan;1246;19;13
synthesize leading-edge action-items;Palau;912;24;20
matrix magnetic schemas;Kuwait;658;18;7
streamline open-source platforms;Swaziland;940;30;18
matrix open-source deliverables;Georgia;1297;18;12
leverage efficient e-services;Peru;1071;26;5
incubate cross-platform relationships;Algeria;650;26;7
integrate next-generation portals;Egypt;1346;15;9
incubate customized technologies;Morocco;938;24;14
visualize one-to-one info-mediaries;Argentina;581;17;18
grow leading-edge eyeballs;Panama;994;21;5
maximize killer technologies;Niger;839;16;8
seize innovative applications;Jordan;710;16;15
leverage collaborative interfaces;Grenada;1431;30;13
scale enterprise e-services;Belize;1010;20;5
maximize enterprise functionalities;Portugal;1203;18;16
mesh back-end communities;Germany;957;16;12
engineer visionary action-items;Bhutan;1020;20;10
reinvent bleeding-edge functionalities;Grenada;1449;24;12
embrace transparent systems;Barbados;748;15;16
e-enable best-of-breed interfaces;Liberia;1400;27;14
unleash granular vortals;Greece;1331;17;16
productize holistic technologies;East Timor;1409;18;13
harness plug-and-play paradigms;Argentina;507;20;16
e-enable front-end networks;Romania;1159;27;10
productize ubiquitous communities;Peru;1083;18;6
syndicate global markets;Fiji;575;23;17
grow sticky portals;Indonesia;1129;19;13
cultivate holistic metrics;Denmark;851;24;12
extend bricks-and-clicks relationships;Vietnam;1399;19;6
evolve cutting-edge initiatives;Comoros;1302;18;18
engage interactive e-services;Honduras;1168;18;17
optimize 24/7 deliverables;Denmark;833;22;12
revolutionize distributed channels;Madagascar;1185;22;9
generate B2B bandwidth;Togo;1306;19;13
benchmark global e-commerce;Malta;1049;20;16
architect integrated systems;Gabon;547;19;12
cultivate granular eyeballs;Guatemala;1222;23;17
engineer customized experiences;Tonga;976;23;16
transform extensible networks;India;1296;21;6
grow intuitive applications;Algeria;683;18;17
aggregate cross-media synergies;Haiti;701;26;17
deliver dynamic niches;Russia;678;28;20
incentivize integrated action-items;Luxembourg;773;24;17
brand leading-edge e-business;Myanmar;836;17;7
transition bricks-and-clicks systems;Bolivia;561;18;20
harness strategic methodologies;Thailand;1480;29;7
synergize cutting-edge mindshare;Grenada;671;15;11
scale seamless schemas;Kazakhstan;903;20;16
iterate impactful paradigms;Laos;718;23;19
incubate extensible bandwidth;Denmark;631;17;9
transform global markets;Kuwait;1046;25;10
orchestrate innovative web services;Zambia;992;24;20
enhance user-centric communities;Ethiopia;558;19;14
productize web-enabled architectures;Palau;784;29;15
embrace cross-media architectures;Seychelles;1330;23;18
engineer efficient e-business;Sudan;603;23;7
integrate impactful e-services;Tanzania;1395;15;14
aggregate mission-critical web services;Tajikistan;533;24;17
transition strategic niches;Belize;762;28;10
monetize dynamic infrastructures;Ghana;615;28;5
incubate sticky networks;Austria;731;26;10
whiteboard strategic users;Palau;759;15;19
leverage B2C vortals;Moldova;1115;24;11
generate magnetic deliverables;Togo;574;30;6
scale impactful architectures;Denmark;640;25;12
seize back-end solutions;Lithuania;700;22;14
envisioneer out-of-the-box deliverables;Canada;911;27;7
evolve synergistic e-markets;Malaysia;540;21;12
extend viral channels;Tunisia;594;24;11
strategize dynamic infrastructures;Kuwait;1080;23;7
re-intermediate bricks-and-clicks web-readiness;Gabon;811;24;5
reinvent real-time initiatives;Honduras;981;27;8
streamline killer applications;Cambodia;809;16;12
e-enable impactful web services;Jamaica;706;24;18
optimize vertical synergies;Jordan;1466;16;16
re-intermediate B2B communities;Bolivia;529;28;13
maximize proactive functionalities;Libya;710;25;9
iterate seamless networks;Chile;887;21;20
morph next-generation systems;Grenada;969;27;11
incubate open-source deliverables;Syria;610;16;16
enhance next-generation portals;Guyana;1499;28;16
optimize holistic bandwidth;Nepal;1269;19;17
e-enable impactful e-tailers;Sudan;859;18;6
integrate cutting-edge deliverables;Oman;817;23;20
deliver 24/7 niches;Angola;1013;26;6
harness viral architectures;Germany;539;17;10
integrate visionary partnerships;Bahamas;1204;16;7
engineer seamless convergence;Macedonia;1182;24;12
matrix collaborative portals;Vanuatu;1260;21;11
leverage magnetic content;Ecuador;1244;26;12
re-contextualize dynamic e-business;Swaziland;613;20;7
enhance holistic channels;Romania;1235;22;19
aggregate killer schemas;Bolivia;764;27;7
engage extensible experiences;Bhutan;702;28;5
incentivize distributed experiences;Nigeria;1053;25;9
re-intermediate web-enabled relationships;Madagascar;1451;19;16
seize vertical e-commerce;Georgia;532;28;9
monetize enterprise niches;Comoros;1170;23;19
harness killer mindshare;Namibia;795;30;11
grow intuitive partnerships;Uzbekistan;879;15;11
morph killer channels;Ghana;639;21;13
syndicate vertical systems;Nepal;1206;19;19
whiteboard wireless eyeballs;Belgium;959;17;8
transition collaborative functionalities;Tajikistan;1037;15;10
embrace transparent vortals;Estonia;528;15;7
architect customized platforms;Uganda;1443;23;10
re-intermediate virtual methodologies;Monaco;566;18;11
synergize proactive networks;Montenegro;875;25;12
deploy innovative communities;San Marino;506;17;13
mesh revolutionary architectures;Zambia;687;24;17
aggregate cross-platform deliverables;Togo;749;29;15
harness killer vortals;Ecuador;850;16;9
revolutionize proactive schemas;Japan;895;30;11
brand robust experiences;Austria;1156;19;16
engage sticky initiatives;Niger;1185;20;9
transition bleeding-edge e-commerce;Romania;801;23;11
benchmark intuitive e-commerce;Mali;1294;23;11
strategize strategic portals;Albania;584;28;14
incentivize one-to-one interfaces;Cambodia;640;17;9
incentivize value-added deliverables;Poland;905;19;18
morph e-business solutions;Laos;1330;27;10
expedite enterprise e-markets;Guyana;834;16;6
exploit vertical action-items;Maldives;805;23;9
scale proactive channels;Tanzania;1352;25;8
disintermediate dynamic experiences;Guinea;946;23;5
enhance impactful convergence;Palestine;929;25;15
envisioneer bricks-and-clicks systems;Maldives;616;24;7
streamline compelling channels;Malta;824;29;19
orchestrate robust channels;Poland;891;20;20
engage efficient e-markets;Laos;970;29;6
integrate dynamic mindshare;Liberia;799;27;10
scale magnetic infrastructures;Zimbabwe;903;17;9
transform bricks-and-clicks initiatives;Armenia;1244;27;16
productize cutting-edge bandwidth;Lebanon;1449;29;19
evolve mission-critical e-commerce;Greece;851;29;17
implement seamless technologies;Ethiopia;1139;19;18
innovate 24/365 markets;Sweden;804;19;5
deliver clicks-and-mortar e-business;Peru;653;28;20
repurpose next-generation deliverables;Mauritania;724;21;11
empower efficient channels;Guinea;1156;15;14
integrate web-enabled ROI;Finland;1416;22;5
facilitate robust niches;Kazakhstan;858;16;8
deploy global synergies;Eritrea;553;23;9
revolutionize e-business e-markets;Romania;1207;17;14
monetize cross-platform e-commerce;Lebanon;1270;28;12
e-enable one-to-one vortals;Lebanon;947;23;13
transform sticky initiatives;Uruguay;1186;28;17
cultivate collaborative deliverables;Morocco;623;26;5
innovate ubiquitous applications;Jamaica;1187;28;10
deliver next-generation solutions;Germany;1222;25;20
deploy compelling models;Cape Verde;889;19;16
integrate synergistic e-markets;The Gambia;977;27;12
enhance B2B info-mediaries;Niger;897;20;12
target visionary web-readiness;Hungary;616;17;12
strategize robust channels;Croatia;640;15;20
revolutionize granular deliverables;Lithuania;807;16;5
scale cutting-edge info-mediaries;Tunisia;947;18;19
re-contextualize web-enabled interfaces;Nepal;1363;28;18
deploy real-time web-readiness;Armenia;1018;30;8
redefine sticky networks;Poland;700;29;5
evolve compelling e-tailers;Monaco;1123;16;11
repurpose magnetic networks;Colombia;692;20;19
generate B2C ROI;Liberia;1376;21;16
incentivize B2C deliverables;Qatar;1453;29;14
unleash strategic users;Oman;678;18;7
redefine best-of-breed niches;Belize;1490;22;6
orchestrate distributed markets;Nepal;1085;23;18
embrace end-to-end e-tailers;Taiwan;503;20;12
brand vertical infrastructures;Seychelles;616;17;12
re-intermediate vertical experiences;Samoa;1394;21;17
deploy integrated networks;Uganda;1180;17;12
aggregate efficient mindshare;Tunisia;1336;26;10
facilitate cross-media models;Grenada;1265;20;13
extend world-class functionalities;Israel;994;20;6
monetize interactive initiatives;Mauritius;848;15;9
evolve next-generation partnerships;Russia;994;23;16
integrate next-generation e-services;Bolivia;1263;25;13
seize killer content;San Marino;1186;25;18
grow synergistic ROI;Egypt;627;28;8
redefine efficient interfaces;Montenegro;972;28;9
deploy ubiquitous experiences;Argentina;1310;25;5
orchestrate scalable e-business;Guinea;821;16;11
maximize seamless technologies;Yemen;1020;29;9
empower seamless communities;Maldives;1239;18;15
enhance proactive niches;Libya;510;23;6
brand distributed partnerships;Samoa;1354;21;18
embrace integrated ROI;Tanzania;1485;26;8
evolve visionary e-commerce;Tuvalu;603;20;5
innovate B2B interfaces;Hungary;1375;18;19
transform virtual bandwidth;Thailand;1249;19;12
iterate real-time users;Maldives;1458;16;11
benchmark ubiquitous e-business;Eritrea;537;24;5
evolve collaborative ROI;Luxembourg;542;17;9
repurpose front-end e-business;Palestine;1193;24;5
re-contextualize plug-and-play e-markets;Palestine;748;20;15
engage cross-media web services;Jamaica;1443;23;17
enable scalable channels;Peru;622;22;6
brand extensible synergies;Iraq;1394;26;9
target holistic bandwidth;Hungary;1353;17;17
maximize innovative interfaces;Croatia;1129;29;8
cultivate real-time bandwidth;Turkey;1164;22;6
strategize integrated vortals;Jamaica;952;21;6
exploit enterprise bandwidth;Malawi;756;22;12
leverage turn-key experiences;Cuba;816;15;8
seize magnetic eyeballs;Sudan;772;25;7
reinvent extensible infrastructures;Mexico;1300;17;15
harness robust info-mediaries;Poland;1032;24;13
facilitate plug-and-play mindshare;Kiribati;1366;18;17
exploit one-to-one paradigms;Nigeria;816;27;10
disintermediate customized platforms;Niger;1444;24;5
enhance enterprise web services;Eritrea;957;30;16
extend revolutionary e-tailers;Cyprus;935;18;15
incubate dynamic convergence;Bhutan;940;19;13
enable wireless e-commerce;Morocco;582;29;9
grow virtual infrastructures;East Timor;935;21;10
empower cutting-edge architectures;Togo;502;23;9
engage web-enabled metrics;Spain;910;23;6
orchestrate world-class models;Greece;1084;21;10
synthesize efficient e-markets;Iraq;890;22;16
repurpose plug-and-play markets;Colombia;995;25;13
architect front-end partnerships;Togo;1036;30;18
envisioneer dot-com e-business;India;954;25;5
empower robust e-tailers;Colombia;1094;28;14
target holistic experiences;Maldives;1241;21;7
envisioneer front-end e-business;Kazakhstan;1451;22;19
monetize front-end relationships;Bahamas;1022;27;5
generate mission-critical experiences;Tunisia;1155;24;5
drive impactful metrics;Portugal;809;30;15
strategize real-time action-items;Colombia;1440;15;9
synthesize holistic interfaces;Algeria;1350;15;14
scale global ROI;Liberia;848;24;17
integrate e-business deliverables;Lesotho;756;25;12
synergize bricks-and-clicks e-business;Jordan;1096;26;7
iterate innovative content;Cyprus;1023;28;12
transform B2B experiences;Guyana;1182;30;13
iterate user-centric e-tailers;Cuba;847;25;15
deliver robust solutions;Tanzania;961;29;10
e-enable value-added interfaces;Guatemala;837;27;7
cultivate cross-media relationships;Jordan;1247;15;17
disintermediate B2B bandwidth;Venezuela;838;20;14
benchmark turn-key vortals;Belgium;1149;19;15
orchestrate frictionless e-markets;Austria;958;25;10
drive innovative experiences;Ethiopia;914;25;10
orchestrate dot-com platforms;Ethiopia;1442;27;13
revolutionize integrated action-items;Tuvalu;1477;22;9
expedite dynamic experiences;Syria;1281;18;13
utilize magnetic schemas;Fiji;712;30;9
drive open-source users;Kyrgyzstan;598;17;10
architect end-to-end markets;Oman;899;27;5
extend mission-critical convergence;Lebanon;1334;21;8
leverage sticky functionalities;Kuwait;1149;30;17
leverage scalable web-readiness;Grenada;1001;30;14
syndicate killer deliverables;Chad;1197;25;20
brand real-time ROI;Turkey;1366;24;9
benchmark global web services;Eritrea;1240;24;7
implement ubiquitous networks;Serbia;861;15;7
mesh B2C vortals;Jordan;803;28;17
grow enterprise infrastructures;Swaziland;738;30;11
drive B2B deliverables;Mauritania;542;23;10
architect customized niches;Colombia;635;21;9
scale frictionless action-items;Tajikistan;1003;24;9
grow best-of-breed bandwidth;Argentina;810;19;7
disintermediate open-source metrics;India;908;27;10
unleash best-of-breed users;Poland;754;23;18
deploy seamless ROI;Bulgaria;950;26;6
strategize magnetic systems;Madagascar;1334;17;6
matrix rich eyeballs;Belize;682;18;10
integrate enterprise platforms;Tunisia;1312;24;19
transform virtual models;Grenada;662;19;14
harness bleeding-edge experiences;Burundi;783;21;17
deploy leading-edge mindshare;The Gambia;1432;22;9
architect interactive channels;Colombia;1262;28;14
unleash next-generation mindshare;Azerbaijan;1434;17;19
productize innovative e-markets;Lithuania;589;26;9
reinvent ubiquitous e-commerce;Sri Lanka;1201;23;12
transition one-to-one deliverables;Lithuania;924;17;17
strategize impactful info-mediaries;Vietnam;1308;18;15
enhance customized initiatives;Maldives;547;17;13
enable 24/365 partnerships;Mauritania;538;21;20
e-enable holistic mindshare;Maldives;1341;16;20
synthesize out-of-the-box vortals;Guatemala;1461;16;14
innovate impactful content;Mali;756;24;18
repurpose virtual vortals;Bhutan;824;29;15
engage extensible ROI;East Timor;1105;16;18
re-intermediate visionary niches;Norway;852;29;19
exploit interactive e-services;Denmark;713;26;8
empower mission-critical partnerships;Mozambique;1473;21;17
deploy cross-platform relationships;Argentina;1383;25;11
transition world-class portals;Jamaica;1192;19;8
syndicate bleeding-edge e-services;Benin;1136;26;20
drive best-of-breed niches;Egypt;870;25;6
unleash collaborative relationships;Andorra;1313;23;17
optimize 24/365 markets;Australia;1120;18;14
facilitate B2C architectures;Singapore;613;30;8
engineer bricks-and-clicks synergies;Latvia;663;18;18
whiteboard cross-platform mindshare;Monaco;1491;16;14
utilize web-enabled models;Uruguay;1190;27;5
re-intermediate revolutionary relationships;Mali;519;23;10
grow enterprise methodologies;Bahrain;1409;28;19
disintermediate intuitive mindshare;Djibouti;700;15;5
redefine next-generation niches;Kyrgyzstan;1144;23;16
innovate 24/7 action-items;Vanuatu;1007;21;11
target viral metrics;Vanuatu;986;23;17
empower ubiquitous experiences;Seychelles;645;27;6
seize turn-key architectures;Venezuela;1235;20;11
deliver cross-media communities;Swaziland;1250;19;17
maximize transparent bandwidth;Colombia;832;18;10
syndicate granular synergies;Peru;1434;16;19
syndicate best-of-breed supply-chains;Greece;931;27;15
cultivate front-end e-markets;Iceland;1050;27;17
integrate one-to-one experiences;Egypt;1449;26;6
repurpose cross-media applications;Namibia;898;25;6
extend value-added schemas;Bahrain;630;27;14
evolve e-business portals;Vietnam;727;25;17
scale distributed applications;Moldova;965;19;12
empower killer communities;Finland;584;15;7
streamline efficient relationships;Japan;605;21;9
monetize bricks-and-clicks infrastructures;Bahamas;511;26;7
syndicate B2B synergies;Comoros;612;22;16
orchestrate open-source convergence;Peru;860;28;20
engage front-end initiatives;Vietnam;1161;17;15
integrate viral e-tailers;Pakistan;585;28;5
integrate transparent initiatives;Slovenia;951;23;12
synthesize dynamic info-mediaries;Mongolia;1309;26;7
expedite efficient e-services;Chile;1369;27;6
evolve bleeding-edge web services;Germany;1387;20;5
utilize compelling applications;Ethiopia;1443;17;15
target customized web-readiness;France;1456;16;13
architect proactive metrics;Cape Verde;1193;29;20
evolve bleeding-edge ROI;Colombia;638;21;13
leverage wireless technologies;Swaziland;1334;19;17
integrate killer infrastructures;Mauritania;714;25;7
re-intermediate back-end info-mediaries;Syria;766;18;14
facilitate B2C applications;Liberia;1448;27;13
engineer global models;Oman;1184;27;10
architect killer eyeballs;Costa Rica;583;21;17
syndicate customized e-business;Bulgaria;863;29;14
transition magnetic e-services;East Timor;1131;16;5
orchestrate back-end web services;India;1086;25;5
facilitate collaborative metrics;Colombia;932;19;10
unleash B2B e-commerce;Belgium;785;29;18
strategize 24/7 info-mediaries;Slovenia;1444;27;7
utilize wireless relationships;The Gambia;1327;17;17
incubate customized niches;Iceland;1145;26;9
facilitate integrated metrics;Liberia;706;25;14
innovate dynamic markets;Latvia;1085;26;8
generate integrated communities;Jordan;1267;18;7
grow sticky systems;Kazakhstan;808;17;15
aggregate cross-platform bandwidth;Kiribati;704;25;5
embrace out-of-the-box channels;Suriname;689;17;10
visualize compelling solutions;Romania;589;20;19
facilitate intuitive portals;Mongolia;510;18;15
transform efficient e-commerce;Syria;964;26;20
enhance end-to-end experiences;Mali;936;28;16
leverage user-centric web services;Kuwait;1314;16;20
synergize scalable info-mediaries;Costa Rica;834;18;15
mesh real-time eyeballs;Panama;649;28;15
brand integrated e-markets;Portugal;1494;15;16
reinvent user-centric convergence;Fiji;810;18;7
scale efficient metrics;Vanuatu;584;20;11
re-intermediate holistic partnerships;Mexico;1183;20;12
aggregate leading-edge functionalities;East Timor;1153;24;6
redefine B2C e-markets;Ukraine;1448;27;8
drive extensible e-commerce;Taiwan;901;25;11
repurpose 24/7 e-commerce;Yemen;656;20;18
re-intermediate end-to-end infrastructures;Denmark;623;20;15
empower synergistic action-items;Morocco;1124;30;13
expedite B2B networks;Dominica;1493;23;12
extend leading-edge schemas;Laos;1474;23;7
incubate collaborative relationships;Rwanda;735;18;19
matrix clicks-and-mortar relationships;San Marino;778;22;13
implement mission-critical models;Bangladesh;1301;20;11
transition granular models;Guatemala;1250;16;6
repurpose real-time vortals;Japan;654;18;9
productize bricks-and-clicks action-items;Luxembourg;1382;17;11
target out-of-the-box web-readiness;Zimbabwe;1477;15;20
morph magnetic eyeballs;Morocco;1235;17;12
productize mission-critical web services;Chad;1272;18;10
engage value-added bandwidth;India;1179;26;18
transition next-generation web services;Cape Verde;1090;15;10
revolutionize wireless paradigms;Maldives;1182;28;12
brand enterprise deliverables;Chile;1244;20;14
reinvent bricks-and-clicks portals;Mozambique;1150;25;11
seize intuitive technologies;Cuba;1081;27;9
repurpose e-business action-items;Vietnam;1225;18;12
embrace sticky solutions;Azerbaijan;1284;18;14
implement ubiquitous ROI;Uruguay;1173;29;14
target out-of-the-box paradigms;Ghana;1358;23;7
drive cross-platform paradigms;Kazakhstan;1116;30;9
reinvent holistic technologies;Slovakia;710;27;15
empower innovative infrastructures;Belize;1485;18;7
strategize end-to-end relationships;Tajikistan;1047;15;19
evolve revolutionary e-commerce;Mali;888;18;7
engage synergistic mindshare;Cameroon;1241;22;17
envisioneer leading-edge mindshare;Iran;1237;27;17
iterate interactive networks;Romania;1118;19;11
unleash interactive paradigms;Tonga;1218;19;20
architect visionary solutions;Lithuania;1482;30;9
extend extensible e-tailers;Slovakia;1431;18;19
incentivize distributed e-business;Ghana;741;24;7
expedite user-centric mindshare;Luxembourg;1169;15;8
optimize viral schemas;Pakistan;787;21;13
grow B2B ROI;Lithuania;1466;20;8
monetize end-to-end interfaces;Jordan;1215;27;18
implement ubiquitous platforms;Costa Rica;865;22;15
implement cross-platform applications;Maldives;1285;21;14
matrix distributed e-markets;Samoa;623;24;14
aggregate world-class architectures;Burundi;971;20;16
morph best-of-breed synergies;Belarus;538;15;10
repurpose viral experiences;Azerbaijan;570;28;20
leverage e-business interfaces;Israel;818;15;10
incentivize granular e-markets;Italy;1224;28;18
integrate virtual content;Macedonia;1471;30;20
orchestrate one-to-one models;Hungary;667;21;12
engage B2B architectures;Mexico;566;26;13
repurpose impactful applications;Canada;996;29;19
envisioneer efficient solutions;Turkey;1279;24;9
drive 24/7 platforms;Slovakia;1016;29;9
mesh e-business bandwidth;Nauru;706;17;12
disintermediate integrated action-items;Guatemala;652;26;12
engineer collaborative systems;Brazil;759;19;19
syndicate best-of-breed niches;Azerbaijan;1329;21;12
deliver ubiquitous functionalities;Romania;682;21;19
engage synergistic experiences;Kazakhstan;1070;20;9
cultivate magnetic bandwidth;Slovakia;762;16;19
target transparent e-commerce;Belarus;824;19;13
unleash interactive eyeballs;Comoros;972;26;18
e-enable 24/7 methodologies;Tanzania;777;16;5
target frictionless architectures;Estonia;1193;17;11
monetize collaborative users;Belize;891;16;14
optimize sticky relationships;Liberia;520;16;6
incubate 24/7 mindshare;Cyprus;536;18;6
integrate innovative web services;Uganda;1238;15;6
reinvent global solutions;Gabon;1087;26;5
evolve holistic technologies;Macedonia;991;24;6
synergize synergistic synergies;Qatar;562;16;9
maximize virtual bandwidth;Malta;1263;30;11
seize intuitive initiatives;Indonesia;793;26;15
evolve clicks-and-mortar networks;Russia;607;22;6
visualize value-added e-markets;Indonesia;1052;19;9
architect transparent web services;Eritrea;708;25;16
incubate compelling communities;Senegal;1246;20;10
benchmark mission-critical info-mediaries;Kiribati;958;20;19
mesh turn-key architectures;Denmark;1414;20;20
implement bricks-and-clicks mindshare;Guyana;1174;25;16
innovate frictionless communities;Myanmar;1316;26;14
strategize 24/7 schemas;Nepal;1474;17;14
aggregate interactive e-markets;Rwanda;1376;26;19
incubate leading-edge convergence;Tuvalu;879;21;10
transition rich applications;Benin;702;15;12
incubate synergistic eyeballs;Uganda;1108;16;13
facilitate out-of-the-box portals;Uzbekistan;1170;27;10
benchmark holistic networks;Austria;1080;15;18
drive seamless experiences;Slovenia;638;30;5
cultivate holistic bandwidth;Syria;1440;16;11
brand world-class web-readiness;Mauritius;1402;22;13
re-intermediate enterprise ROI;Cameroon;1057;18;9
empower vertical users;Gabon;744;28;11
benchmark plug-and-play content;Myanmar;1464;24;12
engage scalable interfaces;The Gambia;1081;28;17
monetize efficient eyeballs;Portugal;978;29;10
synthesize 24/7 systems;Denmark;759;19;12
re-intermediate turn-key e-markets;San Marino;716;23;6
enable killer web-readiness;Botswana;1349;21;16
brand value-added metrics;Croatia;898;28;17
re-contextualize holistic paradigms;Australia;1149;17;20
harness bleeding-edge niches;Chile;823;21;13
morph web-enabled channels;Pakistan;1424;21;14
scale revolutionary web services;Kenya;1126;15;19
matrix world-class web services;Thailand;1389;18;13
disintermediate plug-and-play action-items;Turkey;554;20;15
disintermediate customized deliverables;Poland;684;19;20
scale dot-com eyeballs;Pakistan;554;17;10
implement back-end functionalities;Mauritius;1147;21;20
redefine B2B deliverables;Denmark;1078;27;19
innovate out-of-the-box bandwidth;Latvia;705;21;11
transition frictionless e-commerce;Tanzania;868;15;19
synthesize leading-edge relationships;Oman;1406;18;14
seize rich bandwidth;Belize;1321;18;16
seize viral action-items;Lithuania;1064;15;9
streamline back-end convergence;Romania;940;23;15
exploit viral systems;Paraguay;1008;29;16
generate robust web-readiness;Armenia;1457;20;13
re-contextualize global markets;Dominica;855;19;12
redefine e-business systems;Cape Verde;903;24;16
monetize next-generation infrastructures;Italy;1397;19;20
enable proactive technologies;Kenya;946;15;14
synergize customized functionalities;Belgium;1444;19;10
target extensible networks;Kiribati;1500;28;6
reinvent interactive partnerships;Grenada;737;21;16
incubate vertical niches;Palestine;1103;28;14
exploit holistic relationships;Georgia;735;22;11
harness extensible interfaces;Morocco;973;18;13
synergize seamless vortals;Moldova;594;17;17
morph best-of-breed eyeballs;Barbados;1110;25;17
whiteboard global e-tailers;Malta;1281;25;9
synergize impactful e-business;Serbia;545;19;9
transition visionary applications;Paraguay;719;23;11
iterate 24/365 action-items;Austria;1432;30;20
cultivate bricks-and-clicks relationships;Denmark;570;28;7
streamline granular paradigms;Serbia;1345;18;20
repurpose one-to-one e-services;Nicaragua;911;29;13
reinvent holistic relationships;Ethiopia;1452;26;9
extend next-generation synergies;Spain;521;21;6
syndicate clicks-and-mortar communities;Suriname;699;17;11
transition viral technologies;Israel;1402;19;8
re-intermediate innovative paradigms;Macedonia;1004;30;10
incentivize real-time experiences;Madagascar;805;19;6
optimize compelling e-markets;Montenegro;932;16;18
redefine 24/7 methodologies;Finland;1035;23;11
repurpose magnetic architectures;Azerbaijan;1403;20;13
whiteboard vertical niches;Nepal;714;15;6
maximize world-class systems;Latvia;1324;27;20
mesh vertical architectures;Spain;1047;16;16
implement extensible content;Gabon;726;26;9
integrate cutting-edge e-commerce;Ecuador;1308;25;14
streamline dynamic e-tailers;Bahamas;1090;25;8
implement compelling platforms;Latvia;707;18;12
target end-to-end portals;Palestine;1280;19;14
e-enable bricks-and-clicks channels;Monaco;842;18;15
re-contextualize e-business models;Namibia;1306;29;12
deliver world-class models;Tajikistan;538;17;14
optimize holistic systems;Iceland;1378;23;19
seize transparent web services;Tunisia;616;17;19
monetize customized functionalities;Togo;1498;18;7
empower customized info-mediaries;Canada;980;20;8
deploy user-centric niches;Jordan;513;29;6
matrix rich bandwidth;Palestine;1497;30;6
revolutionize rich networks;Algeria;1100;26;15
productize value-added supply-chains;Romania;1355;19;12
matrix cutting-edge synergies;Austria;825;29;12
e-enable B2B web-readiness;Barbados;1460;19;11
mesh rich users;Costa Rica;1467;16;7
reinvent value-added solutions;Australia;868;28;14
cultivate end-to-end users;Guatemala;1000;24;9
productize robust networks;Estonia;1335;24;16
benchmark B2C infrastructures;Estonia;578;30;9
harness vertical infrastructures;Guatemala;1413;29;10
brand innovative interfaces;Gabon;707;25;11
revolutionize impactful action-items;Libya;776;20;5
optimize dot-com paradigms;Guinea;788;26;9
enhance synergistic metrics;Suriname;1196;15;16
implement back-end markets;Costa Rica;606;28;11
scale dot-com systems;Russia;740;26;20
cultivate real-time technologies;Italy;1467;23;11
transition 24/7 users;Mauritius;1232;22;19
benchmark B2C ROI;France;921;26;11
generate robust architectures;Gabon;987;16;8
visualize visionary infrastructures;Palau;587;17;16
unleash distributed synergies;Jordan;1165;16;12
synergize dot-com models;Malawi;1495;15;12
streamline plug-and-play infrastructures;Nicaragua;849;22;6
cultivate next-generation systems;Turkey;926;25;13
whiteboard impactful supply-chains;Croatia;910;28;9
seize open-source niches;Azerbaijan;758;27;13
harness scalable ROI;Vietnam;1287;23;16
aggregate web-enabled metrics;Bahrain;538;28;12
brand frictionless e-services;Paraguay;1497;15;16
syndicate back-end functionalities;Nicaragua;993;25;16
benchmark compelling infrastructures;France;1319;19;10
drive collaborative platforms;Zambia;529;20;11
matrix killer web-readiness;Bahrain;1181;19;8
generate turn-key architectures;Comoros;1321;29;12
drive intuitive platforms;Togo;554;29;7
mesh end-to-end web-readiness;Bulgaria;1063;22;17
redefine dynamic channels;Ghana;1187;30;18
morph strategic content;Turkey;850;24;16
optimize plug-and-play infrastructures;Albania;1492;18;9
enhance user-centric info-mediaries;Zimbabwe;902;30;10
re-contextualize strategic architectures;Kiribati;858;17;6
matrix viral infrastructures;Mozambique;756;25;19
revolutionize strategic bandwidth;Zambia;903;27;20
embrace wireless e-business;Suriname;619;24;14
re-contextualize end-to-end communities;Nauru;954;24;17
harness cross-media content;Tanzania;1349;15;17
enable world-class mindshare;San Marino;1440;24;9
morph scalable content;Bhutan;789;20;5
extend distributed content;Nicaragua;1213;22;15
engage revolutionary markets;Australia;528;15;19
transform user-centric e-business;Armenia;603;19;7
incentivize distributed markets;Bhutan;1350;27;14
empower holistic convergence;Panama;1349;30;7
reinvent web-enabled initiatives;Eritrea;997;16;16
exploit impactful supply-chains;Gabon;1386;19;7
streamline dynamic interfaces;Zambia;1462;29;6
integrate ubiquitous action-items;Colombia;1263;25;20
grow B2C e-business;Sudan;1187;16;19
grow B2B solutions;Sri Lanka;1099;25;15
exploit holistic metrics;Bolivia;878;15;9
mesh wireless relationships;Somalia;1298;15;11
target user-centric channels;Taiwan;571;27;17
brand integrated relationships;Eritrea;1112;19;18
visualize collaborative content;Slovenia;1456;24;18
matrix best-of-breed bandwidth;Kenya;751;30;9
morph viral paradigms;Myanmar;517;27;5
scale dynamic networks;Singapore;1147;24;14
benchmark ubiquitous info-mediaries;Zambia;969;25;14
seize holistic supply-chains;Peru;814;15;19
architect visionary content;Belarus;791;25;10
integrate holistic deliverables;Azerbaijan;1388;21;19
streamline synergistic paradigms;Namibia;676;21;6
aggregate compelling schemas;Taiwan;720;20;12
syndicate B2C markets;Fiji;1465;20;20
grow dot-com bandwidth;Uzbekistan;617;25;7
cultivate transparent metrics;Slovenia;748;21;5
transform open-source architectures;Poland;935;21;5
revolutionize out-of-the-box metrics;Guinea;773;27;13
benchmark cross-platform vortals;Poland;874;29;12
reinvent mission-critical supply-chains;Guyana;1211;18;15
brand value-added schemas;Tajikistan;970;30;18
aggregate B2C interfaces;Belgium;1010;17;8
embrace back-end eyeballs;Tajikistan;735;24;9
optimize distributed deliverables;Chile;892;22;11
brand cutting-edge action-items;Egypt;1435;30;18
grow mission-critical deliverables;Grenada;728;20;11
maximize virtual info-mediaries;Hungary;1263;22;17
facilitate collaborative functionalities;Guinea;1319;21;5
productize holistic e-tailers;India;516;22;17
visualize 24/365 paradigms;Uzbekistan;893;26;13
maximize integrated partnerships;Belize;562;18;11
re-intermediate scalable e-commerce;Madagascar;868;21;12
re-intermediate front-end bandwidth;Tajikistan;749;20;16
innovate viral technologies;Japan;761;20;11
streamline bleeding-edge action-items;Liberia;505;22;17
transform visionary mindshare;Tunisia;641;18;20
orchestrate real-time web services;Indonesia;1469;16;13
extend enterprise web-readiness;Bhutan;1414;23;9
benchmark mission-critical mindshare;Macedonia;1257;24;16
engage compelling schemas;Laos;686;29;16
expedite killer vortals;Cyprus;1172;28;10
revolutionize viral niches;Belarus;548;28;20
architect bleeding-edge schemas;Botswana;504;25;15
extend clicks-and-mortar bandwidth;Vanuatu;1253;19;13
envisioneer frictionless interfaces;Yemen;556;23;11
e-enable scalable eyeballs;Namibia;721;16;12
reinvent out-of-the-box ROI;Fiji;515;18;14
incentivize scalable e-services;Malta;579;26;9
reinvent B2C metrics;Lesotho;1057;26;10
incentivize innovative metrics;Norway;1283;27;17
exploit back-end e-commerce;Yemen;827;25;16
deliver visionary initiatives;Austria;587;20;16
engage 24/7 architectures;Mexico;1303;16;9
synthesize visionary communities;Slovenia;1365;23;18
incentivize magnetic deliverables;Syria;1299;30;16
deliver compelling networks;Serbia;681;22;10
benchmark cutting-edge eyeballs;Azerbaijan;1361;16;16
mesh B2C content;Iraq;692;20;15
productize ubiquitous models;Fiji;819;22;14
engage revolutionary portals;Laos;773;18;5
strategize robust partnerships;Albania;1012;25;18
incentivize rich bandwidth;Honduras;535;19;17
morph synergistic bandwidth;France;529;20;9
scale bricks-and-clicks relationships;Germany;610;16;8
strategize turn-key e-commerce;Estonia;1076;17;7
iterate clicks-and-mortar infrastructures;Vanuatu;532;25;12
orchestrate customized content;Denmark;1218;19;18
seize turn-key web services;Portugal;1491;23;6
architect best-of-breed web services;Taiwan;1081;15;19
optimize front-end info-mediaries;Albania;732;20;18
strategize magnetic e-markets;Panama;1268;28;18
iterate global web services;Kuwait;1365;29;14
enhance back-end models;Cyprus;1439;15;10
brand open-source systems;Tunisia;1381;18;18
seize B2B experiences;Australia;710;18;18
optimize 24/365 e-markets;Barbados;1026;30;15
matrix collaborative methodologies;Germany;750;17;8
visualize e-business platforms;Tuvalu;641;17;6
implement 24/7 deliverables;Cambodia;1407;18;14
drive world-class ROI;Sri Lanka;1212;25;14
expedite B2C applications;Canada;1441;15;17
transform 24/7 action-items;Vanuatu;1004;28;17
drive synergistic platforms;Benin;902;27;11
extend robust web-readiness;Turkey;1440;23;10
maximize vertical networks;Cuba;1463;17;16
aggregate global experiences;Uruguay;1303;22;8
benchmark extensible portals;The Gambia;1035;21;12
re-intermediate transparent vortals;Senegal;1171;25;12
morph impactful web services;Thailand;621;23;19
implement integrated schemas;Croatia;1059;17;13
transition one-to-one synergies;Fiji;1073;19;8
maximize intuitive architectures;Ukraine;641;30;13
aggregate cross-media technologies;Egypt;775;15;9
facilitate back-end action-items;Kiribati;897;16;17
leverage cross-platform e-business;Turkey;513;17;10
envisioneer magnetic models;Comoros;1190;24;5
visualize front-end users;Thailand;1100;19;12
iterate compelling markets;Costa Rica;988;15;12
implement clicks-and-mortar technologies;France;925;27;12
incubate out-of-the-box niches;Sudan;677;20;19
brand strategic relationships;Kyrgyzstan;633;15;17
disintermediate clicks-and-mortar vortals;Tanzania;1451;26;11
facilitate one-to-one architectures;Thailand;597;25;9
productize transparent architectures;Portugal;663;18;7
re-intermediate ubiquitous supply-chains;Rwanda;878;16;18
productize world-class info-mediaries;Honduras;1336;18;5
disintermediate viral communities;Canada;809;24;12
optimize real-time architectures;Eritrea;552;25;5
utilize plug-and-play deliverables;Syria;1399;22;18
drive next-generation functionalities;Niger;1158;30;9
orchestrate rich portals;Seychelles;1399;18;12
disintermediate 24/7 web-readiness;Kuwait;1450;18;20
leverage synergistic e-commerce;Libya;539;18;13
syndicate wireless portals;Thailand;892;23;17
mesh open-source convergence;Cambodia;569;23;19
scale revolutionary platforms;Comoros;1129;23;8
incubate front-end relationships;Benin;1210;21;12
productize open-source web-readiness;Taiwan;675;21;14
benchmark magnetic infrastructures;Cape Verde;937;23;9
visualize cross-platform partnerships;Malaysia;730;25;16
expedite synergistic info-mediaries;Fiji;732;22;14
leverage synergistic web-readiness;Sri Lanka;806;27;20
incentivize scalable e-business;Swaziland;632;27;11
innovate robust users;East Timor;509;20;11
innovate global ROI;Poland;1449;28;20
productize intuitive content;Palau;845;21;19
maximize best-of-breed relationships;Cyprus;1063;15;7
deploy vertical ROI;Ukraine;872;22;12
expedite viral vortals;Bolivia;1023;16;5
brand cross-platform vortals;Uruguay;1305;21;18
whiteboard efficient supply-chains;Peru;1191;29;9
visualize strategic e-services;Cambodia;1004;27;18
grow distributed ROI;Luxembourg;994;17;14
scale world-class infrastructures;Madagascar;588;16;15
drive real-time applications;Nigeria;977;25;16
mesh next-generation portals;Kenya;901;28;19
envisioneer proactive e-tailers;Iceland;933;19;5
grow interactive methodologies;Vanuatu;654;27;6
transform integrated action-items;Tunisia;1100;22;9
architect user-centric solutions;Haiti;644;21;16
monetize innovative mindshare;France;1046;16;9
monetize scalable ROI;Russia;1423;22;12
synthesize out-of-the-box convergence;Senegal;1003;29;10
redefine wireless experiences;Thailand;1174;16;18
revolutionize cutting-edge supply-chains;Yemen;920;24;17
evolve bricks-and-clicks web services;Bhutan;1122;16;7
matrix frictionless content;Burundi;930;27;18
benchmark vertical web services;Bangladesh;831;29;19
generate bleeding-edge networks;Liberia;612;16;17
target B2C bandwidth;Mauritius;1320;29;14
e-enable vertical metrics;Jamaica;1369;21;12
drive e-business markets;Togo;1300;16;10
implement sticky systems;Liberia;1194;25;9
optimize B2B niches;Lebanon;789;17;19
brand enterprise relationships;Togo;852;25;15
visualize clicks-and-mortar e-business;Grenada;582;20;10
deploy best-of-breed e-tailers;Cambodia;1050;24;17
orchestrate visionary eyeballs;Qatar;825;24;7
maximize global relationships;Barbados;1454;20;11
seize collaborative supply-chains;Kenya;829;23;11
extend visionary experiences;Zimbabwe;947;27;19
redefine real-time eyeballs;India;797;19;16
whiteboard extensible paradigms;Vietnam;1209;29;9
optimize visionary users;Peru;1259;27;20
monetize end-to-end supply-chains;Mongolia;1076;15;17
incubate strategic relationships;Lithuania;641;23;10
iterate synergistic info-mediaries;Benin;820;23;13
transform mission-critical users;Grenada;1263;17;18
monetize sticky functionalities;Andorra;614;24;19
repurpose clicks-and-mortar schemas;Taiwan;976;17;5
expedite sticky metrics;Iraq;529;28;7
reinvent compelling applications;Singapore;866;21;6
exploit world-class functionalities;Madagascar;1261;26;7
architect interactive vortals;Botswana;1207;27;6
scale back-end synergies;Bulgaria;865;16;15
whiteboard one-to-one e-markets;Mauritania;1199;26;6
optimize real-time synergies;Egypt;1171;17;19
revolutionize seamless mindshare;Bhutan;791;25;13
architect distributed platforms;The Gambia;1107;17;8
engineer user-centric architectures;Grenada;1143;24;17
leverage B2B ROI;Nigeria;812;18;5
utilize robust methodologies;Kyrgyzstan;534;17;16
deploy intuitive synergies;Moldova;1144;21;19
engage granular architectures;Cyprus;1360;23;15
leverage efficient functionalities;Syria;1295;25;13
re-intermediate B2C info-mediaries;India;1058;26;12
engage user-centric infrastructures;Taiwan;578;21;15
orchestrate extensible metrics;Togo;1240;18;7
enhance B2C deliverables;Syria;848;29;12
evolve proactive e-markets;Serbia;844;17;11
revolutionize bricks-and-clicks niches;Norway;1330;15;10
benchmark bleeding-edge eyeballs;Eritrea;693;20;14
generate magnetic eyeballs;Hungary;1378;22;9
re-intermediate compelling functionalities;Iraq;1298;18;9
integrate back-end action-items;Kyrgyzstan;782;15;20
integrate out-of-the-box vortals;Ukraine;1362;25;10
incubate ubiquitous supply-chains;Jordan;1195;20;10
monetize 24/365 interfaces;Cuba;1459;19;8
re-intermediate extensible schemas;Cape Verde;936;21;5
deploy frictionless e-markets;Rwanda;1084;30;16
whiteboard compelling solutions;Swaziland;949;17;10
brand ubiquitous web services;Costa Rica;1498;23;16
incubate web-enabled models;Ghana;876;24;20
syndicate extensible e-business;Malta;1144;19;8
strategize one-to-one e-tailers;Iraq;1342;19;6
strategize extensible architectures;Brazil;539;20;12
transition open-source ROI;Slovenia;1217;19;14
grow bricks-and-clicks web services;Croatia;773;20;20
morph distributed deliverables;Kuwait;1031;15;6
evolve innovative vortals;Dominica;846;26;11
facilitate dynamic infrastructures;Belize;844;18;20
deliver impactful partnerships;Lithuania;1076;24;16
enable transparent systems;Laos;729;29;8
target interactive niches;Algeria;1150;16;5
utilize dynamic users;Nepal;1092;30;5
empower turn-key e-tailers;Sudan;1335;21;15
visualize compelling partnerships;Oman;976;30;8
benchmark synergistic mindshare;Niger;1358;24;20
e-enable one-to-one initiatives;Lesotho;827;25;17
target strategic solutions;Malaysia;731;19;14
monetize cross-media action-items;Portugal;1419;21;20
cultivate customized architectures;Cuba;1346;15;5
orchestrate impactful eyeballs;Indonesia;1028;26;20
productize bleeding-edge eyeballs;Dominica;1325;17;10
re-intermediate seamless relationships;Belize;625;29;8
extend best-of-breed infrastructures;Peru;1217;24;5
utilize vertical e-business;Malawi;890;26;19
deliver bricks-and-clicks metrics;Lesotho;1254;26;19
enhance leading-edge eyeballs;Guyana;1019;21;15
synergize 24/365 metrics;East Timor;584;16;17
envisioneer out-of-the-box initiatives;Botswana;1289;25;19
disintermediate strategic e-tailers;Austria;1307;21;13
whiteboard visionary info-mediaries;Albania;718;23;8
orchestrate cross-platform interfaces;Maldives;1463;26;19
synthesize interactive applications;Malta;1251;19;5
synergize user-centric portals;Libya;1150;22;11
incubate global paradigms;Azerbaijan;927;17;18
engineer one-to-one applications;India;1170;26;11
synthesize e-business portals;Qatar;1483;18;14
unleash plug-and-play convergence;Paraguay;1026;27;12
syndicate e-business channels;Vanuatu;866;24;18
unleash cross-media e-commerce;Argentina;1021;20;19
harness robust functionalities;Poland;588;24;16
aggregate virtual solutions;Bahamas;538;19;6
redefine mission-critical e-commerce;Malaysia;1317;29;19
matrix robust metrics;Somalia;696;30;5
enhance impactful portals;Spain;710;28;19
monetize back-end mindshare;Israel;1097;29;5
incentivize killer users;Ethiopia;1191;23;13
redefine innovative infrastructures;Nicaragua;543;21;7
transition magnetic experiences;Russia;1413;18;8
monetize interactive web-readiness;Armenia;591;18;12
maximize mission-critical supply-chains;Ethiopia;1222;19;5
innovate one-to-one vortals;Fiji;1432;25;19
harness front-end web services;Armenia;754;28;12
morph synergistic e-markets;Ethiopia;982;16;12
re-contextualize innovative vortals;Kiribati;1469;25;14
syndicate dot-com e-business;Belarus;911;22;11
revolutionize revolutionary paradigms;Djibouti;905;20;18
engineer cross-media platforms;Japan;828;25;9
enable open-source platforms;Monaco;729;19;19
disintermediate cross-platform networks;Swaziland;1073;15;5
iterate cross-media eyeballs;Vietnam;986;24;10
engage intuitive deliverables;Cyprus;563;22;5
seize back-end initiatives;Portugal;668;26;16
synthesize transparent info-mediaries;Andorra;1161;27;15
enable end-to-end architectures;Nauru;1211;27;17
streamline wireless platforms;Liberia;749;20;18
cultivate scalable ROI;Oman;554;20;6
e-enable 24/365 portals;Portugal;767;16;13
empower distributed bandwidth;Armenia;1136;19;9
redefine scalable e-services;Dominica;1373;23;6
transform compelling solutions;Palestine;706;16;14
utilize extensible action-items;Hungary;1214;23;9
unleash visionary models;Algeria;648;18;18
monetize robust e-markets;Armenia;669;23;11
disintermediate integrated info-mediaries;Ghana;528;19;6
incentivize out-of-the-box bandwidth;Turkey;593;25;13
innovate holistic networks;Latvia;1017;17;7
revolutionize value-added e-commerce;Angola;1280;27;5
enhance dot-com e-commerce;Cuba;782;30;17
mesh cross-media convergence;Thailand;1066;23;15
deploy intuitive models;Zambia;788;27;6
monetize bleeding-edge e-business;Tonga;764;16;8
syndicate best-of-breed platforms;Iraq;987;22;15
evolve rich niches;Laos;1233;20;15
facilitate open-source info-mediaries;Seychelles;1474;27;5
redefine e-business ROI;Cameroon;1143;22;11
strategize seamless paradigms;Romania;1498;24;15
evolve enterprise portals;Australia;1300;21;11
expedite efficient communities;Niger;1430;29;18
strategize out-of-the-box convergence;Chad;696;18;18
redefine value-added niches;Ethiopia;947;24;14
seize killer metrics;Namibia;577;25;9
enhance cross-platform infrastructures;Kazakhstan;1200;16;16
optimize one-to-one communities;Vanuatu;775;21;13
deploy enterprise vortals;Jordan;649;28;9
redefine virtual eyeballs;Bahamas;644;20;6
synthesize compelling schemas;Senegal;1429;22;16
matrix ubiquitous applications;Israel;1413;23;12
facilitate mission-critical web-readiness;France;981;26;14
implement visionary interfaces;Poland;1476;16;20
matrix bleeding-edge models;Denmark;1316;25;7
evolve global partnerships;Malawi;1286;18;11
seize back-end technologies;Jordan;520;23;6
revolutionize interactive mindshare;Denmark;1499;20;6
embrace value-added synergies;Palau;875;25;13
expedite frictionless e-tailers;Fiji;1093;22;5
iterate B2C infrastructures;Rwanda;1427;17;6
evolve customized e-tailers;Bhutan;1155;15;12
envisioneer e-business content;Azerbaijan;1286;20;6
disintermediate enterprise paradigms;Bahamas;1195;19;9
strategize out-of-the-box portals;Jordan;1061;20;11
brand innovative methodologies;Zimbabwe;1198;25;5
unleash strategic supply-chains;Israel;701;18;7
innovate dot-com communities;Norway;1391;26;19
brand bleeding-edge relationships;Laos;1207;27;14
iterate world-class e-business;Tuvalu;590;24;20
re-contextualize B2B communities;Greece;1292;22;8
visualize global e-services;Croatia;538;21;9
monetize holistic ROI;Maldives;1181;30;9
utilize global systems;Singapore;1198;22;5
harness world-class models;Sudan;734;17;14
re-contextualize cutting-edge partnerships;Angola;966;16;8
e-enable ubiquitous schemas;Sweden;1438;20;7
exploit sticky initiatives;Ukraine;579;29;14
embrace B2B initiatives;Vanuatu;1038;16;13
reinvent mission-critical e-business;Latvia;1289;19;17
whiteboard robust e-markets;Georgia;1075;19;12
integrate seamless experiences;Iran;1254;23;18
transform global models;Norway;633;30;8
syndicate dot-com web services;Mongolia;772;15;15
drive vertical models;Palestine;872;21;16
incubate turn-key bandwidth;Latvia;927;19;7
embrace bleeding-edge web services;Rwanda;521;16;10
matrix wireless relationships;Costa Rica;717;23;8
embrace value-added paradigms;Gabon;668;15;9
scale frictionless applications;Belgium;822;27;7
incubate granular architectures;Comoros;630;19;10
empower real-time niches;Djibouti;1184;27;5
repurpose extensible e-markets;Italy;697;30;9
orchestrate visionary niches;Tanzania;1059;18;8
whiteboard mission-critical supply-chains;Senegal;612;28;14
maximize ubiquitous platforms;Belgium;774;22;20
expedite web-enabled partnerships;Estonia;1002;22;10
leverage user-centric vortals;Uruguay;712;29;16
orchestrate efficient networks;Cape Verde;1372;30;6
iterate mission-critical infrastructures;Mauritania;663;16;7
enable end-to-end e-business;Slovakia;1003;19;10
evolve back-end metrics;Slovakia;1276;29;6
expedite out-of-the-box e-business;Belize;1341;24;8
reinvent dynamic networks;Lesotho;540;22;9
productize revolutionary deliverables;Uganda;1161;29;20
utilize world-class functionalities;Malaysia;1482;28;11
benchmark holistic architectures;Malaysia;899;27;19
morph plug-and-play paradigms;Kuwait;815;26;16
transform cross-media deliverables;Mexico;1308;22;17
optimize extensible content;Nicaragua;1008;26;20
monetize back-end metrics;Angola;1235;26;16
maximize extensible eyeballs;Brazil;1243;22;11
empower wireless infrastructures;Seychelles;1091;18;13
revolutionize value-added e-business;San Marino;1386;19;18
generate viral e-markets;Argentina;894;15;10
re-intermediate revolutionary communities;Finland;744;17;6
whiteboard seamless channels;Dominica;689;15;20
deploy visionary communities;Poland;1414;23;5
enhance plug-and-play methodologies;Togo;910;17;6
leverage virtual e-markets;Nepal;802;21;20
embrace vertical portals;Denmark;1085;26;11
harness out-of-the-box applications;Kiribati;796;15;15
redefine world-class mindshare;Barbados;776;18;14
cultivate virtual web-readiness;Indonesia;587;26;17
drive wireless initiatives;Mali;746;28;17
grow revolutionary methodologies;Bolivia;1443;25;17
grow value-added paradigms;Haiti;643;16;14
mesh vertical initiatives;Uganda;1496;22;11
integrate leading-edge web services;Senegal;1246;25;17
mesh 24/365 web-readiness;Dominica;1117;15;7
whiteboard compelling infrastructures;Niger;1440;17;14
drive bleeding-edge e-markets;Bulgaria;1137;26;19
orchestrate web-enabled channels;Lithuania;830;16;9
benchmark ubiquitous functionalities;Azerbaijan;868;25;13
reinvent collaborative action-items;Lesotho;926;23;9
implement 24/365 channels;Thailand;1070;27;13
transform dot-com solutions;Guyana;845;20;17
redefine innovative deliverables;Panama;1077;21;7
streamline world-class e-commerce;Niger;680;16;13
synthesize interactive supply-chains;Gabon;1050;24;19
iterate open-source channels;Gabon;1210;29;10
integrate dynamic e-tailers;Malaysia;889;15;11
engineer magnetic platforms;Australia;1284;19;16
grow world-class bandwidth;Honduras;658;30;11
engineer sticky platforms;Samoa;767;30;13
enable next-generation users;Macedonia;978;23;5
maximize cutting-edge e-tailers;Senegal;1268;26;20
mesh out-of-the-box platforms;Benin;810;28;7
evolve collaborative experiences;Iran;1314;21;15
revolutionize back-end web-readiness;Botswana;733;20;14
drive B2C partnerships;Guyana;1426;21;6
envisioneer 24/365 paradigms;Guatemala;1433;23;5
embrace sticky web-readiness;Grenada;1012;20;13
incubate world-class functionalities;Vanuatu;803;28;11
strategize holistic systems;Portugal;897;24;11
