generate wireless architectures;Spain;836;16;14
benchmark compelling functionalities;Greece;1185;29;13
target bricks-and-clicks e-markets;Syria;1255;23;11
e-enable seamless niches;Ghana;691;17;17
empower rich e-services;Tonga;644;23;6
synergize viral platforms;Croatia;874;24;7
repurpose world-class bandwidth;Romania;1119;20;7
engage wireless applications;Kazakhstan;746;15;12
scale B2B content;Armenia;500;17;11
evolve bricks-and-clicks markets;Bahamas;722;18;7
facilitate 24/365 networks;Hungary;1116;23;7
redefine front-end architectures;The Gambia;975;15;5
reinvent cutting-edge e-services;Malta;1239;30;15
morph one-to-one web services;Samoa;1108;20;19
evolve plug-and-play e-business;Syria;1307;29;5
implement global ROI;Barbados;1268;18;8
orchestrate distributed e-tailers;Egypt;963;25;7
productize 24/365 initiatives;Malaysia;807;24;20
utilize bricks-and-clicks channels;Mexico;1084;28;13
extend e-business deliverables;Seychelles;528;29;16
matrix user-centric experiences;Bahamas;1052;29;13
iterate 24/7 portals;Liberia;1028;27;15
architect seamless portals;Croatia;834;25;15
syndicate real-time platforms;Denmark;886;25;5
mesh synergistic initiatives;Indonesia;709;17;16
engage impactful metrics;Swaziland;634;18;18
productize innovative e-business;Colombia;1159;16;14
e-enable e-business e-markets;Serbia;835;23;9
embrace sticky web services;Bulgaria;999;17;9
leverage scalable ROI;Cuba;789;17;19
scale innovative vortals;Egypt;612;16;17
deliver vertical solutions;Bolivia;642;18;7
engage vertical methodologies;Liberia;1344;26;6
visualize holistic metrics;Cuba;1192;25;8
cultivate value-added content;Australia;510;15;12
optimize extensible applications;Germany;769;29;13
expedite holistic interfaces;Australia;732;19;12
reinvent B2B experiences;Palau;868;23;13
target out-of-the-box markets;Belarus;1212;22;20
transform ubiquitous bandwidth;Jordan;515;30;18
exploit 24/365 channels;Malta;1102;17;5
utilize plug-and-play technologies;Iran;685;16;14
extend front-end eyeballs;Eritrea;794;30;17
grow strategic methodologies;Yemen;640;29;14
deliver user-centric eyeballs;Bahamas;633;30;9
revolutionize interactive technologies;Jordan;1391;17;8
expedite turn-key portals;Guatemala;572;27;14
empower cross-media niches;Iran;1261;17;13
brand B2C portals;India;1347;26;6
transition collaborative paradigms;Swaziland;736;26;5
maximize user-centric solutions;Seychelles;1089;23;11
scale granular content;Luxembourg;1143;27;18
enable plug-and-play methodologies;France;1055;18;14
benchmark out-of-the-box web services;Bolivia;782;22;13
optimize transparent platforms;Paraguay;672;23;19
redefine user-centric portals;Iran;745;28;20
synthesize granular partnerships;Uzbekistan;516;23;17
utilize sticky experiences;Lebanon;1362;24;11
incubate ubiquitous technologies;Palestine;1262;30;10
empower customized communities;Australia;1243;26;10
envisioneer granular methodologies;Indonesia;599;25;18
syndicate vertical ROI;Colombia;1083;28;14
leverage B2B networks;Argentina;1152;25;10
leverage sticky channels;Namibia;1198;24;9
incubate cutting-edge synergies;Mauritania;577;26;5
re-intermediate efficient deliverables;Guyana;649;17;14
grow viral eyeballs;Greece;537;26;11
generate global functionalities;Djibouti;649;27;17
synthesize magnetic solutions;Iraq;820;17;6
evolve ubiquitous applications;Morocco;1228;21;11
innovate 24/365 e-tailers;Canada;811;30;5
scale mission-critical bandwidth;Morocco;1099;21;15
drive enterprise niches;Malaysia;897;18;18
harness ubiquitous communities;Spain;1140;27;19
transform 24/365 interfaces;Uruguay;1222;16;5
redefine open-source metrics;Costa Rica;660;23;10
expedite vertical networks;Benin;1271;21;12
transition virtual schemas;Rwanda;1143;23;9
synergize scalable supply-chains;Pakistan;812;26;16
enhance collaborative models;Swaziland;1095;20;5
seize value-added systems;Iran;1108;27;7
enable dot-com info-mediaries;Tajikistan;973;27;8
leverage killer e-business;Luxembourg;832;21;5
utilize one-to-one infrastructures;Poland;1092;26;12
iterate 24/365 partnerships;Armenia;709;23;16
syndicate seamless interfaces;Mali;730;22;10
re-contextualize compelling e-business;Indonesia;1070;27;7
evolve global e-tailers;Djibouti;703;20;9
unleash B2B architectures;Fiji;1350;26;8
expedite front-end vortals;Malaysia;1214;16;17
transform mission-critical convergence;Kazakhstan;608;15;7
re-contextualize collaborative convergence;Poland;1083;25;15
e-enable back-end vortals;Tajikistan;585;23;20
syndicate extensible applications;Ecuador;1251;24;10
incentivize customized eyeballs;Nauru;1099;16;18
deploy impactful technologies;Morocco;1148;15;18
synthesize synergistic networks;Russia;1297;16;12
maximize sticky ROI;Lithuania;1236;29;8
unleash wireless mindshare;Botswana;763;25;18
target end-to-end communities;Malawi;722;29;20
deliver innovative methodologies;Jordan;1412;30;10
implement integrated infrastructures;Tajikistan;813;29;15
exploit robust action-items;Iraq;751;30;5
incentivize clicks-and-mortar ROI;Georgia;1438;18;13
morph dynamic vortals;Canada;832;18;9
exploit clicks-and-mortar eyeballs;Chile;892;30;19
transform cross-media partnerships;Argentina;913;22;6
grow granular models;Haiti;1108;22;14
embrace rich web services;San Marino;1155;18;15
brand wireless mindshare;Zimbabwe;605;29;7
incentivize extensible channels;Syria;1220;27;14
implement interactive bandwidth;Guinea;572;30;15
orchestrate back-end synergies;San Marino;533;24;18
expedite e-business paradigms;Denmark;1220;21;10
evolve customized web-readiness;Togo;765;24;6
seize customized web-readiness;Uganda;1376;24;16
innovate synergistic channels;Haiti;890;24;5
leverage best-of-breed convergence;Fiji;1238;18;13
engineer granular technologies;Palau;1247;20;20
synthesize scalable networks;Chad;940;21;6
drive enterprise convergence;Guyana;837;30;18
deliver bricks-and-clicks mindshare;Ecuador;690;26;18
harness transparent technologies;Nauru;966;24;20
grow back-end networks;Mali;1197;30;9
re-contextualize ubiquitous e-business;Canada;1074;15;19
seize enterprise niches;Togo;776;25;15
aggregate plug-and-play metrics;Argentina;862;23;17
empower best-of-breed solutions;Spain;1118;15;5
brand ubiquitous bandwidth;Costa Rica;1001;29;14
leverage mission-critical deliverables;France;795;27;19
transform seamless ROI;Albania;1246;15;18
iterate bleeding-edge solutions;Poland;898;20;6
revolutionize open-source relationships;Tonga;1007;21;11
enable holistic relationships;Macedonia;1235;15;5
e-enable next-generation schemas;Cyprus;918;15;19
embrace seamless models;Nigeria;1239;28;11
brand transparent schemas;Finland;943;30;11
aggregate cross-platform ROI;Sudan;533;29;16
reinvent robust portals;Belize;693;30;5
cultivate value-added markets;Oman;800;29;9
evolve bleeding-edge relationships;Somalia;816;24;12
matrix visionary networks;Indonesia;759;18;15
cultivate best-of-breed metrics;Venezuela;821;18;12
seize mission-critical e-tailers;Barbados;1351;17;11
cultivate dot-com communities;Chile;1202;21;8
matrix innovative users;Iran;1342;21;14
repurpose rich e-markets;Mongolia;867;18;17
unleash visionary action-items;Palestine;1438;19;19
redefine holistic technologies;Nigeria;660;19;17
transform rich niches;Romania;501;26;6
whiteboard end-to-end markets;Singapore;1145;17;18
leverage enterprise networks;Guatemala;936;20;6
target collaborative platforms;Kazakhstan;1174;20;20
streamline e-business technologies;Tunisia;1021;17;10
streamline wireless niches;Cape Verde;927;23;14
utilize transparent interfaces;Zimbabwe;763;29;14
unleash B2B e-commerce;Cambodia;710;19;7
benchmark bricks-and-clicks infrastructures;Angola;555;19;7
innovate compelling experiences;Zimbabwe;1165;18;16
utilize granular bandwidth;Barbados;808;23;10
grow visionary initiatives;Yemen;709;21;5
cultivate robust relationships;Costa Rica;1233;17;16
unleash rich supply-chains;Angola;818;23;17
integrate rich e-commerce;Portugal;907;17;5
whiteboard magnetic networks;Portugal;918;27;10
monetize viral architectures;Togo;1418;23;11
drive synergistic eyeballs;Belize;1087;24;6
monetize mission-critical mindshare;Italy;812;22;8
incubate open-source ROI;Liberia;764;18;12
extend B2B interfaces;Italy;1086;19;11
re-intermediate e-business convergence;Slovenia;901;28;12
evolve impactful paradigms;Tonga;820;16;15
visualize leading-edge web-readiness;Slovenia;794;29;12
transition ubiquitous interfaces;Hungary;923;19;18
enhance intuitive action-items;Morocco;1290;26;14
aggregate proactive e-business;Macedonia;958;21;13
repurpose viral metrics;Iceland;1123;23;13
incentivize granular markets;Oman;840;21;12
re-intermediate mission-critical eyeballs;Mauritania;1472;21;13
repurpose cross-platform networks;Barbados;1143;25;8
embrace clicks-and-mortar models;Norway;887;29;11
disintermediate user-centric functionalities;Sudan;907;15;17
seize visionary methodologies;Malawi;893;30;8
synergize viral metrics;Palestine;577;18;10
monetize next-generation relationships;Malta;1362;30;18
synthesize virtual web-readiness;Swaziland;615;17;19
generate plug-and-play solutions;Tuvalu;1097;18;16
scale web-enabled portals;Kazakhstan;843;20;8
enable frictionless communities;Jordan;1298;30;17
target 24/365 paradigms;Bulgaria;1443;17;9
matrix clicks-and-mortar networks;Ethiopia;651;20;13
optimize cutting-edge web services;Italy;1052;16;15
morph enterprise networks;East Timor;817;18;18
envisioneer granular e-business;Laos;885;28;14
utilize integrated experiences;Croatia;776;16;6
synthesize proactive schemas;Mauritania;955;24;13
transform ubiquitous e-commerce;Venezuela;870;21;5
incubate front-end web services;Romania;1444;28;8
mesh distributed markets;Jordan;1339;27;9
scale B2C systems;Mongolia;1140;25;20
enhance wireless action-items;Bangladesh;548;30;20
deliver transparent markets;Iran;984;15;6
e-enable efficient methodologies;Angola;800;16;8
re-intermediate interactive action-items;Jordan;974;30;13
strategize e-business schemas;Honduras;1139;16;17
strategize global mindshare;Japan;1054;19;5
deploy virtual mindshare;Montenegro;1060;29;10
architect turn-key info-mediaries;Oman;1491;29;12
re-contextualize frictionless solutions;Syria;905;29;20
whiteboard e-business channels;Costa Rica;561;16;12
incubate intuitive web services;Libya;1360;16;12
visualize enterprise convergence;Malaysia;1264;26;8
mesh revolutionary mindshare;Benin;1260;18;6
brand 24/7 channels;Malta;1240;26;11
unleash dynamic e-business;Guinea;1428;16;16
reinvent best-of-breed schemas;Algeria;524;26;11
empower front-end synergies;Rwanda;555;21;15
target front-end deliverables;Moldova;1384;30;14
deploy extensible info-mediaries;Senegal;692;19;17
seize back-end users;Tunisia;734;29;20
productize rich experiences;Burundi;1410;25;9
benchmark next-generation methodologies;Yemen;755;26;7
streamline magnetic methodologies;Moldova;1306;29;15
enhance compelling eyeballs;Georgia;706;23;14
morph strategic models;Romania;643;27;7
expedite front-end schemas;Liberia;998;25;5
redefine killer ROI;Bangladesh;634;28;20
unleash integrated e-tailers;Senegal;1162;30;11
streamline mission-critical metrics;Denmark;1314;16;5
redefine 24/7 networks;Lebanon;1470;25;16
re-contextualize impactful partnerships;Morocco;526;20;7
expedite front-end initiatives;Jordan;1469;15;18
re-intermediate 24/7 synergies;Kazakhstan;968;25;7
enable wireless markets;Azerbaijan;1249;20;18
synthesize front-end ROI;Albania;1440;22;12
whiteboard extensible bandwidth;Guatemala;1152;27;10
optimize visionary supply-chains;Burundi;872;29;14
iterate value-added eyeballs;Cameroon;1047;30;10
generate magnetic networks;Indonesia;1475;15;6
transition cutting-edge supply-chains;Indonesia;623;20;19
whiteboard magnetic web services;Cyprus;716;15;20
aggregate proactive functionalities;Liberia;1340;20;19
extend killer e-markets;Serbia;961;17;12
reinvent robust deliverables;Andorra;805;17;11
maximize user-centric users;Azerbaijan;1042;17;14
iterate B2C infrastructures;Moldova;560;29;9
leverage robust functionalities;Uganda;1403;19;15
unleash B2B niches;Dominica;1329;18;20
whiteboard collaborative paradigms;Georgia;983;16;17
aggregate frictionless e-markets;Lesotho;1132;27;20
expedite plug-and-play niches;Togo;1079;30;8
extend leading-edge functionalities;Yemen;1008;28;13
maximize synergistic e-tailers;Panama;1329;16;16
monetize cross-media channels;Indonesia;939;23;18
exploit out-of-the-box functionalities;Dominica;520;25;9
deploy 24/365 web services;Ethiopia;1136;21;18
integrate one-to-one users;Yemen;1336;22;5
cultivate dot-com e-services;Egypt;558;28;13
expedite intuitive deliverables;Monaco;1450;16;6
e-enable value-added users;Tonga;1077;22;19
disintermediate bricks-and-clicks applications;Venezuela;511;16;20
architect robust metrics;Lesotho;1467;17;15
syndicate mission-critical solutions;Grenada;1123;15;17
drive efficient e-markets;Turkey;1149;29;14
generate open-source initiatives;Syria;919;30;19
seize dynamic platforms;Mongolia;1150;19;17
leverage impactful architectures;Colombia;1335;30;13
seize cross-platform web services;Andorra;1269;24;19
matrix interactive functionalities;Cuba;921;23;8
syndicate efficient e-markets;Nicaragua;593;29;16
streamline out-of-the-box channels;Guinea;1231;26;5
enhance visionary networks;Cameroon;941;23;19
mesh efficient convergence;Grenada;684;28;8
transform 24/365 systems;Vanuatu;1098;28;20
brand wireless web services;Madagascar;1228;24;6
drive e-business supply-chains;Mexico;1478;17;17
whiteboard user-centric e-tailers;Japan;956;17;12
architect back-end niches;Barbados;948;28;10
envisioneer e-business paradigms;Mali;1258;23;18
enable front-end niches;India;892;18;5
re-contextualize turn-key e-services;Singapore;1093;23;14
expedite plug-and-play convergence;Liberia;1302;16;15
exploit interactive niches;Albania;1407;25;18
synthesize robust applications;Georgia;933;21;7
iterate scalable networks;Serbia;853;28;10
engineer e-business interfaces;Jamaica;524;30;16
extend intuitive synergies;Vietnam;1262;20;14
transition open-source niches;Angola;1343;17;6
implement extensible eyeballs;Montenegro;1346;19;16
leverage synergistic architectures;Togo;1186;23;12
innovate mission-critical mindshare;Kyrgyzstan;801;23;16
empower interactive users;Costa Rica;533;16;10
aggregate efficient supply-chains;Lesotho;620;16;19
streamline integrated deliverables;Germany;1478;23;17
redefine vertical supply-chains;The Gambia;1311;17;14
transition compelling e-business;Hungary;1467;22;12
whiteboard virtual web-readiness;Taiwan;1080;22;19
transform wireless portals;Myanmar;1302;26;16
incentivize bleeding-edge vortals;Comoros;1345;23;8
enable collaborative deliverables;Singapore;1435;23;18
embrace bleeding-edge networks;Albania;1286;19;19
mesh vertical schemas;Malta;1270;22;12
grow compelling schemas;Ethiopia;782;18;10
synthesize compelling architectures;Comoros;1051;17;9
orchestrate compelling relationships;Comoros;1069;28;14
morph magnetic content;Sudan;583;22;20
syndicate proactive markets;Barbados;1195;26;15
synergize frictionless platforms;Panama;575;30;14
grow global eyeballs;Belarus;649;19;13
re-contextualize rich supply-chains;Jamaica;890;30;20
innovate cross-platform eyeballs;Estonia;881;16;19
enhance proactive communities;Bolivia;861;16;16
aggregate customized networks;Botswana;1399;26;20
matrix 24/365 e-tailers;Kyrgyzstan;1387;17;14
syndicate granular e-tailers;Haiti;1369;27;20
enable 24/365 e-tailers;Mongolia;1464;15;13
visualize one-to-one content;Turkey;1235;20;8
engineer transparent web services;Senegal;1082;30;11
aggregate customized relationships;Singapore;1210;27;19
reinvent plug-and-play applications;Costa Rica;555;28;19
re-contextualize interactive infrastructures;Tonga;694;15;14
repurpose collaborative e-markets;Croatia;1252;20;9
integrate plug-and-play functionalities;Luxembourg;887;18;14
evolve transparent content;The Gambia;675;21;10
cultivate scalable e-services;Vanuatu;503;27;10
deploy dot-com markets;Georgia;1281;30;12
engage back-end applications;Mali;639;16;12
extend cutting-edge technologies;East Timor;1213;29;19
optimize cross-media e-services;Mauritania;1440;30;6
re-contextualize visionary e-markets;Benin;627;29;16
incubate compelling technologies;Comoros;1026;22;17
re-contextualize viral mindshare;Kazakhstan;1174;22;12
synergize out-of-the-box interfaces;Azerbaijan;1173;20;16
iterate collaborative architectures;Swaziland;1212;26;18
generate virtual paradigms;East Timor;514;18;8
benchmark intuitive niches;Turkey;1252;25;17
whiteboard value-added schemas;Taiwan;1295;25;14
transform enterprise portals;Comoros;1224;20;16
mesh impactful technologies;Hungary;1064;17;20
integrate distributed eyeballs;Andorra;778;17;5
synergize robust communities;Serbia;873;17;11
integrate back-end vortals;Guatemala;1494;26;15
orchestrate wireless architectures;Djibouti;1273;29;5
scale impactful infrastructures;Zimbabwe;1283;22;7
monetize viral partnerships;The Gambia;515;21;10
unleash turn-key communities;Australia;1249;22;7
monetize viral e-commerce;Vietnam;505;17;15
syndicate front-end interfaces;Denmark;533;25;12
visualize cross-platform experiences;India;999;20;6
synergize 24/365 web-readiness;Mexico;913;30;6
embrace end-to-end synergies;Guatemala;731;17;14
integrate integrated users;Ecuador;1475;29;18
grow dot-com eyeballs;Romania;1124;16;11
empower back-end e-markets;Myanmar;748;24;11
extend turn-key action-items;Kiribati;1085;25;17
synthesize global web services;Bolivia;508;29;16
repurpose visionary action-items;The Gambia;1328;16;5
harness killer systems;Togo;1419;24;7
exploit cross-media functionalities;The Gambia;898;25;9
maximize leading-edge experiences;Somalia;1316;23;12
extend front-end synergies;Malaysia;1213;20;10
incubate seamless metrics;Algeria;699;20;9
streamline integrated partnerships;East Timor;1288;19;16
monetize wireless networks;Bahrain;1161;29;6
expedite holistic e-services;Guinea;1033;29;17
e-enable turn-key e-markets;Iran;536;22;19
unleash sticky platforms;Vietnam;604;17;14
transform granular content;Iceland;1487;22;12
re-intermediate 24/365 models;Kyrgyzstan;1176;24;11
leverage ubiquitous solutions;France;721;28;17
whiteboard value-added web services;Algeria;844;23;10
innovate ubiquitous platforms;The Gambia;631;15;15
target virtual metrics;Iceland;1008;22;10
re-intermediate sticky technologies;Thailand;1154;21;9
utilize web-enabled initiatives;Bahamas;789;21;5
optimize B2B niches;Palestine;612;18;14
orchestrate intuitive vortals;Morocco;1389;18;10
synthesize mission-critical e-business;Honduras;633;20;6
exploit integrated e-services;Nigeria;640;18;15
leverage ubiquitous architectures;Iceland;672;19;9
syndicate front-end niches;Spain;590;29;6
generate synergistic e-services;Nauru;1287;19;12
engineer proactive niches;Brazil;1225;24;8
utilize one-to-one experiences;Bangladesh;1284;24;20
whiteboard enterprise paradigms;Ukraine;1103;21;13
enable cross-media models;Benin;880;19;8
incentivize bleeding-edge methodologies;Benin;1118;16;18
grow world-class web services;Oman;1430;15;15
productize efficient models;Latvia;577;23;14
target open-source models;Dominica;759;19;5
innovate clicks-and-mortar users;India;951;20;20
revolutionize end-to-end deliverables;Qatar;694;17;7
repurpose frictionless initiatives;Chile;1378;16;15
repurpose strategic solutions;Georgia;648;26;7
incubate extensible web-readiness;Egypt;710;24;20
visualize 24/365 e-commerce;Argentina;703;20;15
morph transparent markets;Indonesia;1036;19;7
re-intermediate vertical eyeballs;Jordan;923;26;20
generate efficient markets;Honduras;1347;28;19
enhance B2C experiences;Belgium;1242;24;10
productize turn-key methodologies;Monaco;1188;22;12
seize visionary bandwidth;Panama;1442;18;13
synergize back-end technologies;Sri Lanka;1457;25;11
engage one-to-one methodologies;Suriname;515;21;8
monetize integrated users;Pakistan;1417;19;9
generate next-generation niches;Albania;548;16;17
benchmark viral paradigms;Albania;1325;27;9
deliver leading-edge applications;Mozambique;1484;17;8
expedite innovative relationships;Bolivia;762;16;10
incentivize rich markets;Swaziland;1437;17;6
mesh killer metrics;Mauritius;1206;18;18
engineer innovative paradigms;Kuwait;777;21;20
enhance impactful solutions;Djibouti;583;30;15
e-enable interactive web services;Slovakia;1321;25;15
whiteboard 24/365 eyeballs;Laos;763;25;17
seize frictionless web services;Nauru;876;29;17
revolutionize user-centric systems;Pakistan;636;17;5
empower strategic systems;Bahamas;993;30;5
synthesize revolutionary e-tailers;Peru;1456;22;13
facilitate transparent interfaces;Andorra;651;20;17
evolve best-of-breed e-commerce;Italy;1480;15;15
harness viral niches;Australia;1223;24;12
syndicate holistic markets;Hungary;631;24;6
incentivize proactive e-services;Oman;863;18;6
benchmark wireless content;Venezuela;681;21;8
implement open-source deliverables;Bulgaria;951;19;6
utilize transparent vortals;Eritrea;948;29;11
extend web-enabled deliverables;Myanmar;1150;23;17
embrace world-class mindshare;Tuvalu;1026;17;5
scale open-source bandwidth;Mauritius;1107;23;10
facilitate user-centric networks;Japan;1280;30;19
strategize best-of-breed markets;Fiji;538;25;10
facilitate value-added content;San Marino;985;27;6
facilitate cross-media solutions;Spain;697;22;13
unleash turn-key ROI;Guinea;1340;25;19
innovate sticky niches;Togo;1257;30;5
synthesize ubiquitous e-services;Burundi;582;28;5
utilize value-added initiatives;Nepal;695;24;16
unleash vertical experiences;Myanmar;786;28;6
drive mission-critical e-services;Australia;838;23;15
deploy clicks-and-mortar infrastructures;Thailand;661;23;6
grow dynamic experiences;Ghana;1465;29;14
incentivize integrated functionalities;Maldives;587;28;19
incentivize sticky metrics;Bangladesh;867;15;15
integrate cutting-edge platforms;Nauru;785;23;18
e-enable scalable functionalities;Nepal;1228;19;11
re-contextualize e-business content;Yemen;1062;24;13
streamline transparent niches;Bhutan;1077;23;14
re-contextualize impactful networks;Costa Rica;567;28;17
facilitate magnetic partnerships;Zambia;1258;20;8
optimize end-to-end portals;Azerbaijan;1143;17;12
mesh synergistic deliverables;Brazil;1381;15;17
synergize frictionless markets;Iran;1243;19;11
synergize out-of-the-box methodologies;Kuwait;1214;20;12
re-contextualize holistic solutions;Uruguay;573;25;14
engage compelling portals;Slovenia;928;22;15
transition compelling content;Mauritius;556;30;8
innovate wireless niches;Germany;1117;15;7
envisioneer integrated solutions;Jamaica;1224;27;13
cultivate dynamic functionalities;Bangladesh;1496;22;6
grow impactful content;Tuvalu;1083;27;19
incubate viral convergence;Poland;1021;28;18
enable distributed info-mediaries;Swaziland;1094;21;6
incubate collaborative info-mediaries;Kuwait;548;25;12
deploy rich content;Ethiopia;1447;27;19
scale dynamic relationships;Zimbabwe;1168;16;5
extend dynamic e-business;Denmark;780;29;16
deliver real-time schemas;Hungary;1264;26;13
envisioneer plug-and-play web-readiness;Uruguay;926;16;8
integrate best-of-breed web-readiness;Tunisia;597;15;9
transform clicks-and-mortar convergence;Uruguay;1164;24;17
generate best-of-breed web-readiness;Guatemala;1108;17;17
embrace mission-critical interfaces;Australia;903;29;14
extend magnetic mindshare;Sudan;1492;29;7
strategize bricks-and-clicks methodologies;Lithuania;866;26;9
orchestrate visionary systems;Tanzania;541;25;16
syndicate robust portals;Kyrgyzstan;1280;27;5
enable bleeding-edge e-services;Tuvalu;985;23;12
mesh user-centric eyeballs;Comoros;694;20;6
enable out-of-the-box portals;Portugal;908;18;13
strategize B2B partnerships;Palestine;1044;16;6
re-intermediate magnetic solutions;Seychelles;522;22;13
streamline vertical partnerships;Bahrain;870;30;19
exploit interactive models;Jordan;1499;26;6
visualize e-business supply-chains;Serbia;1304;30;13
whiteboard e-business partnerships;Bahrain;1203;17;19
morph end-to-end models;Liberia;1119;27;7
scale back-end convergence;Algeria;1050;29;8
aggregate value-added e-tailers;Lebanon;1404;18;19
drive front-end communities;Palestine;1334;15;16
syndicate extensible communities;Eritrea;1211;18;7
expedite integrated technologies;Lesotho;1081;22;16
enhance collaborative supply-chains;Bolivia;938;18;9
deploy bleeding-edge technologies;Cambodia;1087;17;19
optimize magnetic infrastructures;Nigeria;1128;30;6
syndicate end-to-end models;Macedonia;1236;21;15
re-intermediate synergistic web-readiness;Bulgaria;691;25;6
transform vertical content;Macedonia;1176;18;19
morph turn-key initiatives;Bahamas;975;24;20
implement distributed supply-chains;Suriname;784;22;17
disintermediate impactful ROI;Slovenia;1229;20;16
grow bleeding-edge architectures;Algeria;1419;21;11
repurpose cross-media info-mediaries;Indonesia;798;28;7
engineer proactive vortals;France;1178;30;10
matrix turn-key systems;Chile;1489;21;13
streamline bricks-and-clicks supply-chains;Madagascar;1019;20;6
visualize collaborative vortals;Botswana;1446;22;10
monetize 24/7 methodologies;Israel;1397;30;9
optimize dynamic initiatives;Bahamas;1177;18;15
transition cross-media supply-chains;Lesotho;746;28;13
scale compelling mindshare;Italy;1247;17;12
monetize seamless architectures;Niger;868;29;18
matrix distributed solutions;Qatar;1069;22;9
e-enable granular e-commerce;Angola;1077;16;14
scale user-centric eyeballs;Mauritania;953;21;6
whiteboard dynamic e-business;Zambia;1445;25;18
redefine 24/7 ROI;Suriname;862;21;18
facilitate world-class e-business;Kiribati;543;16;18
synthesize strategic communities;Cameroon;1165;28;5
expedite compelling synergies;Andorra;1405;20;9
innovate transparent communities;Jamaica;804;19;14
redefine global models;Finland;819;23;15
disintermediate plug-and-play info-mediaries;Iran;1092;18;7
disintermediate front-end vortals;Palestine;613;30;7
evolve cross-media e-tailers;Belarus;1390;30;16
incentivize mission-critical applications;Uzbekistan;1112;23;11
brand end-to-end e-business;Paraguay;826;27;15
whiteboard extensible methodologies;Gabon;774;19;8
optimize proactive bandwidth;Mauritius;1222;25;11
utilize open-source e-commerce;The Gambia;562;18;19
synergize rich models;Lithuania;1137;18;7
revolutionize virtual channels;Latvia;968;20;7
visualize collaborative architectures;Brazil;1146;21;17
engage intuitive e-commerce;Malta;565;25;15
whiteboard open-source functionalities;Yemen;566;25;13
reinvent virtual web-readiness;Yemen;937;19;16
syndicate collaborative relationships;Seychelles;1316;23;20
morph real-time paradigms;Peru;710;22;8
matrix collaborative paradigms;Japan;854;15;6
synthesize sticky partnerships;Vanuatu;964;24;7
revolutionize integrated action-items;Monaco;643;18;17
matrix customized niches;Vanuatu;1233;29;6
reinvent ubiquitous bandwidth;Lithuania;657;24;15
envisioneer granular action-items;Moldova;629;16;20
facilitate distributed web services;Jamaica;1153;30;18
unleash killer models;East Timor;769;16;18
mesh cross-media paradigms;Namibia;1033;24;9
leverage transparent initiatives;Seychelles;1329;30;20
extend distributed interfaces;Cameroon;1053;21;7
mesh end-to-end users;Russia;540;24;5
visualize rich info-mediaries;Lithuania;1440;28;18
optimize real-time mindshare;Myanmar;1050;23;8
enhance extensible architectures;Albania;1439;27;18
disintermediate sticky convergence;Bahamas;1393;21;9
integrate front-end initiatives;Bahrain;1054;20;18
leverage rich platforms;Samoa;871;22;17
orchestrate revolutionary users;Tunisia;1435;28;12
productize holistic e-markets;Guyana;1397;21;15
enhance integrated vortals;Ecuador;1375;25;14
envisioneer strategic models;Suriname;1149;25;8
unleash B2B convergence;Malawi;1248;22;8
envisioneer efficient eyeballs;Kenya;671;29;17
envisioneer web-enabled channels;Lebanon;659;15;18
utilize vertical experiences;Peru;1198;20;10
drive end-to-end mindshare;Uruguay;649;19;19
harness interactive e-business;Latvia;1131;16;16
cultivate dynamic web services;Comoros;1055;16;11
reinvent interactive infrastructures;Burundi;584;20;5
harness bricks-and-clicks bandwidth;Georgia;759;24;19
generate holistic supply-chains;Nepal;1191;27;9
morph value-added deliverables;Swaziland;647;25;14
exploit mission-critical communities;Guatemala;1144;29;17
revolutionize distributed niches;Vanuatu;949;18;11
drive B2C interfaces;Nepal;633;25;9
architect cross-media ROI;Nepal;1414;23;15
mesh e-business bandwidth;Iceland;1331;21;18
incubate intuitive supply-chains;Luxembourg;1008;30;16
disintermediate next-generation portals;Portugal;1176;18;12
whiteboard extensible eyeballs;Poland;1473;18;10
streamline frictionless markets;Lithuania;1466;20;5
iterate seamless e-markets;Finland;1453;19;18
empower back-end networks;Dominica;1125;26;10
empower 24/365 architectures;Pakistan;1275;24;13
innovate web-enabled technologies;Uzbekistan;1446;30;19
mesh 24/365 vortals;Oman;1110;24;17
re-contextualize granular infrastructures;Palestine;1315;20;19
benchmark transparent experiences;Brazil;1046;15;8
aggregate sticky niches;Chad;1319;21;9
visualize cross-media platforms;Israel;1382;16;7
mesh enterprise e-commerce;Djibouti;653;28;10
visualize bricks-and-clicks content;Russia;1391;25;17
optimize turn-key mindshare;Angola;1106;18;15
deploy dot-com web services;Italy;985;25;17
enable transparent applications;Laos;1058;18;8
target dot-com niches;Finland;1062;17;11
synergize global infrastructures;Malaysia;1182;20;14
innovate best-of-breed e-services;Chile;620;20;6
scale frictionless functionalities;Burundi;848;22;8
utilize cross-platform models;Slovenia;906;30;9
reinvent visionary e-business;India;724;26;10
empower turn-key infrastructures;Iran;1256;30;8
enhance open-source solutions;Slovakia;791;25;13
enable enterprise e-business;Palau;795;20;7
innovate world-class markets;Iceland;1347;29;13
matrix wireless markets;Indonesia;1040;30;9
disintermediate virtual convergence;Cyprus;883;25;10
visualize value-added systems;Bangladesh;1229;19;7
implement B2B functionalities;Syria;1438;22;7
transition best-of-breed action-items;Cyprus;671;28;12
re-intermediate dot-com e-services;Bahrain;1170;24;18
re-intermediate impactful e-services;Nepal;1111;21;8
engage vertical relationships;Australia;1011;30;17
disintermediate B2C schemas;Slovenia;1376;22;8
transition bleeding-edge interfaces;Australia;1383;19;11
seize rich users;Vietnam;1210;19;7
disintermediate user-centric markets;Denmark;1113;23;6
revolutionize compelling e-markets;Uzbekistan;912;16;19
incentivize transparent niches;Libya;1020;28;18
architect virtual technologies;Ukraine;1161;17;10
architect cutting-edge channels;Georgia;520;22;10
productize dot-com supply-chains;Malta;1185;28;19
transform scalable relationships;Nigeria;1321;17;19
e-enable world-class experiences;Costa Rica;1197;30;9
enable cross-platform schemas;The Gambia;1029;20;15
incentivize distributed partnerships;Chad;665;17;17
monetize dot-com systems;Cape Verde;682;16;18
maximize efficient networks;Fiji;519;17;6
integrate value-added paradigms;Sweden;659;17;6
maximize e-business ROI;Australia;1123;25;15
generate extensible ROI;Malawi;1430;18;9
transition interactive web-readiness;Japan;823;20;11
transform wireless e-business;Belgium;1261;28;10
enhance magnetic paradigms;Nauru;1245;20;20
generate cross-media e-services;Cuba;1067;25;9
harness strategic functionalities;Luxembourg;1284;23;11
strategize rich functionalities;Oman;1152;25;5
enable vertical portals;Mauritius;1332;18;6
reinvent revolutionary solutions;Ecuador;840;24;11
re-intermediate integrated portals;Algeria;1246;26;15
cultivate collaborative infrastructures;Algeria;984;18;12
syndicate scalable initiatives;Portugal;1449;17;5
facilitate clicks-and-mortar relationships;Maldives;1337;23;6
transform enterprise info-mediaries;Suriname;1219;28;7
scale bricks-and-clicks mindshare;Tunisia;977;25;7
exploit customized models;Mauritania;1000;22;13
brand collaborative web services;Nepal;1110;27;17
syndicate mission-critical markets;Andorra;693;15;19
innovate integrated metrics;Costa Rica;899;22;8
transform real-time bandwidth;Finland;939;24;18
maximize rich e-commerce;Iran;948;18;8
extend robust channels;Latvia;615;24;13
whiteboard end-to-end users;Indonesia;1400;18;16
integrate granular platforms;France;760;29;16
architect transparent initiatives;Jordan;829;19;17
repurpose ubiquitous vortals;Egypt;557;17;10
exploit robust eyeballs;Nicaragua;853;25;17
engage next-generation info-mediaries;Cambodia;734;20;13
brand B2B communities;Botswana;1348;24;13
extend magnetic initiatives;Pakistan;903;29;7
benchmark e-business users;Bhutan;1378;17;14
iterate front-end deliverables;Uganda;936;24;11
enable customized e-commerce;Bahamas;1106;27;16
e-enable next-generation infrastructures;Rwanda;1192;30;11
drive back-end e-tailers;Nepal;585;17;19
optimize innovative e-commerce;Singapore;1496;22;19
orchestrate synergistic ROI;Bahamas;995;24;14
cultivate granular solutions;Hungary;752;27;5
benchmark scalable models;Yemen;1083;15;11
revolutionize clicks-and-mortar architectures;Sudan;517;25;17
generate strategic e-tailers;Haiti;846;21;5
drive granular architectures;Zambia;848;27;13
innovate innovative eyeballs;Estonia;530;20;12
whiteboard interactive vortals;Palau;534;29;13
facilitate dot-com users;Malawi;1158;18;17
morph web-enabled portals;Japan;729;24;12
innovate one-to-one metrics;Zimbabwe;1275;19;5
evolve extensible markets;Eritrea;1228;23;16
visualize 24/365 schemas;Kenya;1139;28;11
implement turn-key schemas;Qatar;945;24;6
target next-generation e-business;Malawi;1130;16;18
orchestrate open-source convergence;Sweden;706;28;5
mesh B2B bandwidth;Belgium;1350;29;18
disintermediate value-added systems;Djibouti;788;25;9
integrate value-added eyeballs;Mauritania;782;15;18
streamline back-end mindshare;Jamaica;1404;24;10
re-intermediate front-end e-business;Kenya;1362;18;16
enable dynamic ROI;Portugal;1211;29;12
enhance B2B e-tailers;Mongolia;522;27;11
maximize synergistic platforms;Kazakhstan;898;21;10
envisioneer wireless supply-chains;Kiribati;1185;22;9
revolutionize cross-media users;Qatar;627;29;19
innovate leading-edge e-markets;Nauru;1468;21;14
matrix user-centric mindshare;Turkey;1491;24;12
harness efficient channels;Estonia;695;30;18
enable proactive solutions;Turkey;1216;18;9
synthesize real-time relationships;Ethiopia;725;19;20
e-enable e-business metrics;Bolivia;1338;22;5
enhance rich eyeballs;Pakistan;1178;27;16
enhance killer users;Montenegro;1436;17;9
synthesize interactive technologies;France;1084;23;18
enhance 24/7 models;Jordan;1376;18;20
repurpose distributed channels;Kyrgyzstan;1002;24;8
streamline bleeding-edge paradigms;Paraguay;1052;22;20
syndicate transparent e-services;Seychelles;767;15;14
maximize 24/7 mindshare;Indonesia;506;22;19
incentivize leading-edge paradigms;Dominica;1189;18;9
revolutionize cutting-edge solutions;Lithuania;885;22;12
e-enable cross-media action-items;Lebanon;1423;23;15
optimize e-business platforms;Malaysia;1320;30;11
syndicate rich experiences;Monaco;513;21;7
reinvent next-generation vortals;Albania;549;28;18
incubate granular e-tailers;Slovakia;1330;21;9
utilize one-to-one web-readiness;Nauru;1397;19;8
mesh granular partnerships;Spain;1428;18;19
reinvent B2C interfaces;Chad;1379;25;8
transition cutting-edge info-mediaries;Cuba;1003;16;6
incubate virtual info-mediaries;Estonia;690;25;19
transition dot-com solutions;Namibia;784;21;12
exploit web-enabled markets;Russia;1326;15;14
implement bricks-and-clicks ROI;Ethiopia;1047;30;18
leverage visionary mindshare;San Marino;980;16;16
expedite plug-and-play infrastructures;Lebanon;851;21;16
reinvent leading-edge experiences;Brazil;1295;20;11
iterate sticky niches;Eritrea;786;15;8
drive 24/7 interfaces;Djibouti;932;21;8
transition leading-edge schemas;Greece;1471;16;12
utilize open-source ROI;Serbia;623;21;15
grow magnetic e-tailers;Hungary;1091;15;12
expedite plug-and-play channels;Moldova;1224;30;7
unleash compelling e-commerce;Brazil;1394;16;13
unleash rich convergence;Lithuania;989;24;6
enable cross-media niches;Mexico;1347;22;20
monetize compelling communities;Eritrea;583;23;6
aggregate visionary mindshare;Uruguay;686;28;14
whiteboard web-enabled models;France;1371;20;19
exploit impactful e-tailers;Tanzania;1111;18;6
productize next-generation action-items;Tuvalu;1477;16;11
synergize value-added platforms;Paraguay;794;23;9
evolve one-to-one systems;Lesotho;943;30;12
re-intermediate world-class e-markets;Bangladesh;1361;23;8
incubate granular models;Belgium;550;15;9
integrate open-source functionalities;Fiji;902;16;14
seize dot-com e-markets;Kuwait;1024;26;15
orchestrate integrated e-services;Nicaragua;969;22;7
generate end-to-end communities;Zambia;1181;20;13
empower 24/7 e-services;Swaziland;887;29;16
empower strategic partnerships;Nauru;555;28;9
integrate visionary synergies;Kyrgyzstan;675;15;5
seize virtual paradigms;Laos;1161;22;20
grow cross-platform e-markets;Greece;1036;23;8
whiteboard world-class e-commerce;Angola;511;24;5
matrix best-of-breed niches;Canada;1173;28;6
scale B2B experiences;Albania;1105;25;9
expedite granular synergies;Algeria;798;24;18
cultivate plug-and-play info-mediaries;Samoa;1131;24;15
enhance front-end methodologies;Honduras;1173;16;7
productize 24/365 users;Kyrgyzstan;1401;20;17
re-intermediate scalable info-mediaries;Burundi;1098;23;12
synergize next-generation paradigms;Uzbekistan;1033;18;13
extend dynamic action-items;Mauritius;886;16;9
harness collaborative e-tailers;Ecuador;864;19;12
streamline viral infrastructures;Guyana;1441;24;17
generate global mindshare;Albania;1135;17;15
leverage B2B schemas;Finland;1246;23;17
maximize customized e-business;Algeria;922;20;15
utilize dot-com channels;Zambia;1296;20;15
redefine extensible platforms;Italy;852;22;19
transition synergistic metrics;Belize;1160;28;20
evolve viral synergies;Haiti;641;17;17
matrix next-generation niches;Uruguay;902;23;14
grow dynamic web services;Nigeria;1456;19;20
incubate clicks-and-mortar models;Mongolia;587;18;10
e-enable leading-edge vortals;Yemen;1226;17;18
integrate impactful bandwidth;Fiji;814;24;10
unleash end-to-end bandwidth;Australia;746;26;11
facilitate user-centric schemas;Lesotho;1210;16;10
unleash web-enabled channels;Laos;1126;28;9
utilize transparent communities;Bolivia;680;18;16
scale vertical systems;Cuba;1320;30;13
leverage open-source networks;Chile;971;29;20
transform efficient applications;Tajikistan;748;29;8
disintermediate killer e-services;Moldova;1404;20;20
incubate clicks-and-mortar action-items;Grenada;1224;24;6
e-enable value-added experiences;Ethiopia;819;20;15
iterate one-to-one ROI;Laos;1306;28;18
re-contextualize ubiquitous convergence;Ukraine;1186;20;10
disintermediate one-to-one synergies;Palestine;872;28;13
syndicate seamless e-services;Uganda;849;24;5
unleash proactive synergies;Benin;1466;15;10
visualize vertical e-tailers;Guyana;1269;29;17
drive efficient deliverables;Cyprus;1412;23;7
brand turn-key applications;Mauritania;609;16;15
seize seamless e-tailers;Mexico;651;17;17
visualize extensible convergence;Armenia;934;15;7
matrix 24/365 portals;Mauritius;744;26;18
mesh B2C applications;Mozambique;919;30;15
facilitate turn-key niches;San Marino;869;28;6
whiteboard impactful ROI;Macedonia;1443;20;6
embrace B2B solutions;Thailand;1312;16;16
drive real-time e-tailers;Denmark;675;22;14
disintermediate B2B applications;Nauru;967;21;17
facilitate collaborative relationships;Cyprus;524;25;16
drive impactful partnerships;Guyana;549;29;16
transition enterprise models;Hungary;804;17;7
revolutionize robust communities;Guyana;1279;18;5
maximize back-end experiences;Bhutan;1105;16;20
drive e-business architectures;Denmark;758;21;13
enable killer applications;Tanzania;505;25;15
transition bricks-and-clicks schemas;Nicaragua;1320;16;15
unleash global e-tailers;Egypt;602;24;18
re-contextualize 24/365 models;Malaysia;1020;22;11
transform wireless mindshare;Pakistan;778;26;12
strategize 24/7 e-services;Russia;632;21;18
incubate front-end convergence;Norway;1180;23;17
engineer back-end users;Botswana;1401;18;8
innovate leading-edge methodologies;Madagascar;827;26;18
harness compelling initiatives;Sri Lanka;986;20;9
benchmark granular applications;Angola;1280;15;20
transition web-enabled web services;Grenada;1150;17;8
envisioneer revolutionary convergence;Armenia;853;26;11
maximize vertical portals;Chad;1250;17;15
re-intermediate value-added schemas;Paraguay;1410;29;17
deliver 24/7 niches;Dominica;1196;29;17
revolutionize one-to-one e-business;Australia;986;20;16
architect visionary e-services;Kenya;1460;29;7
strategize bleeding-edge systems;Bahrain;775;25;7
e-enable distributed architectures;Jamaica;1229;29;17
morph innovative technologies;East Timor;582;19;5
leverage front-end eyeballs;Yemen;581;16;19
streamline cross-platform vortals;Gabon;891;23;8
re-contextualize viral bandwidth;India;580;26;16
target turn-key relationships;Norway;1359;29;14
repurpose enterprise paradigms;Mauritania;511;30;20
re-contextualize vertical methodologies;Cambodia;871;30;6
re-intermediate value-added applications;Canada;1210;25;11
grow customized metrics;Djibouti;835;27;5
whiteboard next-generation solutions;Sri Lanka;568;28;19
brand bleeding-edge e-tailers;Malaysia;688;22;7
envisioneer best-of-breed e-business;Kiribati;735;27;5
target innovative action-items;Oman;568;17;15
engineer user-centric models;Guatemala;848;27;7
extend efficient eyeballs;Samoa;580;15;10
facilitate dot-com deliverables;Georgia;540;18;6
optimize visionary vortals;Morocco;580;28;19
reinvent turn-key action-items;Algeria;1251;29;15
benchmark impactful e-markets;Slovakia;1067;22;9
transform leading-edge content;Egypt;1203;18;12
envisioneer magnetic mindshare;Yemen;615;29;7
engage 24/365 methodologies;Austria;1380;17;19
extend clicks-and-mortar web services;Thailand;1069;30;11
visualize visionary channels;Belize;1488;24;16
matrix collaborative solutions;Niger;930;21;12
streamline efficient markets;Bhutan;1489;15;9
exploit sticky ROI;Namibia;1145;30;14
benchmark front-end functionalities;Brazil;630;17;7
syndicate transparent e-commerce;Azerbaijan;518;27;11
re-contextualize B2B metrics;Andorra;608;27;8
whiteboard B2C channels;Jamaica;957;27;8
repurpose next-generation niches;Peru;579;21;9
target mission-critical content;Cyprus;952;30;9
enable synergistic communities;Canada;1340;24;13
drive strategic metrics;Mali;1394;26;12
re-intermediate collaborative applications;Malawi;691;22;11
embrace ubiquitous relationships;Cyprus;1364;29;19
target holistic action-items;Rwanda;749;25;20
grow leading-edge bandwidth;Libya;1403;28;11
enable dynamic solutions;Cuba;880;17;12
grow 24/7 e-business;Monaco;1322;15;12
target wireless markets;Iran;1003;24;19
extend synergistic e-business;Palau;989;17;13
mesh integrated action-items;Qatar;1345;20;5
architect viral networks;Guatemala;1480;29;5
enhance front-end partnerships;Montenegro;764;30;14
streamline innovative initiatives;Mali;836;17;15
incubate interactive partnerships;Uganda;839;28;14
grow intuitive models;Mexico;502;30;10
empower efficient interfaces;Ghana;912;24;7
optimize mission-critical paradigms;Kuwait;962;15;14
facilitate turn-key solutions;Burundi;1345;15;17
mesh 24/7 methodologies;Cape Verde;1101;27;8
exploit proactive users;Guyana;867;23;6
mesh cutting-edge paradigms;Italy;1476;23;7
mesh 24/365 schemas;Macedonia;1297;29;11
whiteboard leading-edge platforms;Singapore;940;23;12
syndicate dot-com content;Panama;509;16;19
generate e-business web-readiness;Austria;1321;15;18
cultivate global e-services;Guatemala;1152;24;8
evolve virtual e-business;Libya;1078;25;20
optimize ubiquitous synergies;Vietnam;746;30;9
envisioneer bleeding-edge ROI;Seychelles;1234;30;17
revolutionize proactive synergies;Dominica;1354;23;9
re-intermediate 24/7 web-readiness;Italy;515;25;16
innovate granular ROI;Colombia;1141;24;11
enhance collaborative initiatives;Comoros;1126;27;6
engage one-to-one platforms;Cape Verde;921;16;10
iterate B2B info-mediaries;Oman;1187;27;17
utilize collaborative communities;Kuwait;785;22;19
incentivize value-added e-commerce;Thailand;651;20;15
engage interactive bandwidth;Comoros;693;15;14
incentivize 24/365 e-tailers;Belgium;989;18;6
incentivize vertical web-readiness;Haiti;1413;26;20
disintermediate one-to-one users;Turkey;919;25;10
architect interactive e-markets;Hungary;1290;21;14
incentivize turn-key initiatives;Ethiopia;1342;19;18
synergize magnetic supply-chains;Pakistan;1429;28;13
productize granular ROI;Montenegro;1206;16;15
target scalable portals;Mauritius;974;21;18
streamline scalable deliverables;Malaysia;1047;30;18
facilitate integrated deliverables;Chad;637;21;20
integrate cross-platform infrastructures;Ethiopia;1142;22;8
streamline collaborative action-items;Kuwait;1080;16;15
aggregate web-enabled architectures;Singapore;1051;15;16
enhance plug-and-play functionalities;Belgium;610;30;6
innovate killer channels;Kuwait;552;30;14
mesh 24/365 paradigms;Zambia;760;29;10
exploit extensible eyeballs;Austria;1150;23;18
optimize 24/7 bandwidth;Bahamas;1381;21;14
deploy clicks-and-mortar web-readiness;Suriname;872;30;14
transition dynamic methodologies;Guatemala;1098;18;13
cultivate sticky relationships;India;1105;17;18
exploit compelling info-mediaries;Dominica;825;18;7
enhance value-added eyeballs;Latvia;1062;17;16
matrix extensible channels;Uzbekistan;738;21;7
optimize B2C users;Indonesia;1292;28;13
seize robust eyeballs;Bulgaria;716;19;9
transform transparent schemas;Paraguay;1118;25;12
monetize distributed technologies;Laos;504;26;17
drive next-generation networks;Georgia;853;16;13
harness sticky models;Belize;565;25;18
re-contextualize magnetic web services;Canada;1113;20;15
enhance holistic partnerships;Kazakhstan;1220;27;10
leverage virtual e-markets;Dominica;1140;27;13
transform strategic methodologies;Djibouti;755;24;5
redefine wireless content;Iran;1316;27;6
generate virtual relationships;Guatemala;1376;20;7
synthesize sticky action-items;Lebanon;811;25;16
whiteboard dynamic infrastructures;Turkey;1286;26;7
morph rich niches;Chad;1391;30;15
maximize global eyeballs;Hungary;607;30;5
mesh value-added markets;Bangladesh;873;24;15
utilize customized networks;Kyrgyzstan;1256;24;11
evolve rich vortals;Honduras;1392;17;6
brand mission-critical functionalities;Mauritania;1059;20;9
optimize end-to-end e-markets;Colombia;1309;26;15
leverage rich web services;Andorra;632;28;11
exploit web-enabled solutions;Poland;892;25;9
deliver bricks-and-clicks paradigms;Portugal;1051;20;15
utilize rich eyeballs;Qatar;1352;29;9
engage clicks-and-mortar applications;Serbia;1338;20;13
integrate virtual niches;Iceland;1087;21;19
visualize turn-key markets;Brazil;807;28;8
streamline collaborative experiences;Panama;1261;27;15
enable virtual technologies;Honduras;957;21;17
incubate wireless synergies;Sweden;1294;27;18
harness impactful synergies;Austria;991;25;17
scale vertical niches;Slovenia;531;18;11
visualize 24/365 e-business;Kyrgyzstan;1199;27;20
harness interactive channels;Rwanda;594;27;17
architect customized functionalities;Finland;1369;16;12
envisioneer 24/365 bandwidth;Romania;785;30;18
re-intermediate dot-com web services;Turkey;960;17;14
benchmark holistic convergence;Cape Verde;1086;30;17
reinvent wireless portals;Nicaragua;1445;18;9
brand compelling paradigms;Bahamas;541;28;6
leverage out-of-the-box action-items;Pakistan;609;20;12
envisioneer open-source technologies;Mozambique;1231;19;5
strategize next-generation eyeballs;Costa Rica;1237;29;6
generate e-business niches;Bhutan;971;27;5
envisioneer bleeding-edge niches;Barbados;579;22;14
generate seamless models;Hungary;940;20;19
drive scalable applications;Slovenia;852;29;12
reinvent collaborative e-business;Belarus;1157;25;6
scale strategic portals;Gabon;548;23;19
target front-end e-business;Rwanda;1233;19;15
cultivate B2C e-commerce;India;1479;22;6
monetize back-end platforms;Estonia;1409;26;13
mesh enterprise content;Israel;651;22;10
empower cutting-edge eyeballs;Grenada;1421;28;19
iterate robust eyeballs;Poland;1340;30;17
envisioneer B2B partnerships;Montenegro;699;20;19
productize collaborative portals;Paraguay;580;18;8
integrate B2B architectures;Namibia;639;30;15
innovate leading-edge web services;Honduras;791;27;20
engage B2C schemas;Vanuatu;629;15;19
harness cross-platform e-markets;Israel;1420;30;8
deliver front-end networks;Colombia;1263;26;7
deploy turn-key bandwidth;Mauritius;1348;16;11
disintermediate front-end communities;Austria;1346;22;12
innovate granular e-tailers;Suriname;1263;19;9
empower dynamic ROI;Zambia;1176;17;7
strategize collaborative e-business;Cape Verde;1059;26;17
innovate killer e-business;Latvia;919;23;19
synthesize cross-platform methodologies;Djibouti;512;19;17
integrate bleeding-edge users;Morocco;1406;20;16
synthesize compelling deliverables;Slovenia;925;15;17
transition frictionless e-tailers;Jordan;612;15;15
integrate open-source mindshare;Malaysia;1434;30;15
brand synergistic architectures;Sri Lanka;672;22;19
deploy leading-edge networks;Mozambique;609;22;17
enhance user-centric platforms;Djibouti;923;26;9
innovate front-end initiatives;Honduras;1309;22;13
